code,city code,name
AAE,AAE,Annaba
AAL,AAL,Aalborg
AAN,AAN,Al Ain
AAQ,AAQ,Anapa
AAR,AAR,Aarhus
AAT,AAT,Altay
ABA,ABA,Abakan
ABE,ABE,Lehigh Valley International
ABH,ABH,Abha
ABI,ABI,Abilene Rgnl
ABJ,ABJ,Abidjan Felix Houphouet Boigny International
ABK,ABK,Kabri Dehar
ABQ,ABQ,Albuquerque International Sunport
ABR,ABR,Aberdeen Regional
ABS,ABS,Abu Simbel
ABT,ABT,Al Baha
ABV,ABV,Abuja Nnamdi Azikiwe International
ABX,ABX,Albury
ABZ,ABZ,Dyce
ACA,ACA,General Juan N Alvarez International
ACC,ACC,Kotoka International
ACE,ACE,Las Palmas
ACH,ACH,Altenrhein
ACK,ACK,Nantucket Mem
ACT,ACT,Waco Rgnl
ACV,ACV,Arcata-Eureka
ACX,ACX,Xingyi
ADA,ADA,Adana Şakirpaşa
ADB,IZM,Adnan Menderes
ADD,ADD,Bole International
ADE,ADE,Aden International
ADF,ADF,Adiyaman
ADK,ADK,Adak
ADL,ADL,Adelaide International
ADQ,ADQ,Kodiak
ADZ,ADZ,Gustavo Rojas Pinilla
AEB,AEB,Baise
AEP,BUE,Aeroparque Jorge Newbery
AER,AER,Sochi
AES,AES,Alesund
AEX,ESF,Alexandria International
AEY,AEY,Akureyri
AFA,AFA,San Rafael
AGA,AGA,Inezgane
AGH,AGH,Helsingborg-Angelholm
AGP,AGP,Malaga
AGR,AGR,Agra
AGS,AGS,Augusta Regional At Bush Field
AGT,AGT,Ciudad del Este
AGU,AGU,Jesus Teran International
AGX,AGX,Agatti Island
AHB,AHB,Abha
AHO,AHO,Alghero
AHU,AHU,Al Hociema
AIA,AIA,Alliance
AJA,AJA,Campo Dell Oro
AJF,AJF,Al-Jawf
AJI,AJI,Agri
AJL,AJL,Aizwal
AJR,AJR,Arvidsjaur
AJU,AJU,Aracaju
AKJ,AKJ,Asahikawa
AKL,AKL,Auckland International
AKN,AKN,King Salmon
AKU,AKU,Aksu
ALA,ALA,Almaty
ALB,ALB,Albany International
ALC,ALC,Alicante
ALF,ALF,Alta
ALG,ALG,Houari Boumediene
ALH,ALH,Albany
ALO,ALO,Waterloo
ALP,ALP,Aleppo International
ALS,ALS,Alamosa
ALW,ALW,Walla Walla
AMA,AMA,Amarillo International
AMD,AMD,Ahmedabad
AMH,AMH,Arba Minch
AMI,AMI,Mataram
AMM,AMM,Queen Alia International
AMQ,AMQ,Ambon
AMS,AMS,Schiphol
ANC,ANC,Ted Stevens Anchorage International
ANF,ANF,Cerro Moreno International
ANK,ANK,Etimesgut
ANU,ANU,V. C. Bird International
AOE,AOE,Eskissehir
AOI,AOI,Ancona-Falconara
AOJ,AOJ,Aomori
AOK,AOK,Karpathos
AOO,AOO,Altoona Blair Co
AOR,AOR,Sultan Abdul Halim
APL,APL,Nampula
APN,APN,Alpena
APW,APW,Faleolo International
AQG,AQG,Anqing
AQI,AQI,Hafr Al-batin
AQJ,AQJ,Aqaba International
AQP,AQP,Rodriguez Ballon
ARI,ARI,Chacalluta
ARM,ARM,Armidale
ARN,STO,Arlanda
ART,WAT,Watertown International
ASB,ASB,Ashkhabad
ASE,ASE,Aspen
ASF,ASF,Astrakhan
ASJ,ASJ,Amami
ASM,ASM,Asmara International
ASO,ASO,Asosa
ASP,ASP,Alice Springs
ASR,ASR,Kayseri
ASU,ASU,Silvio Pettirossi International
ASW,ASW,Aswan International
ATH,ATH,Athens International
ATL,ATL,The William B Hartsfield Atlanta International
ATQ,ATQ,Amritsar
ATW,ATW,Outagamie County Regional
ATY,WAT,Watertown Regional
ATZ,ATZ,Asyut
AUA,ORA,Oranjestad
AUG,AGS,Augusta State
AUH,AUH,Abu Dhabi International
AUS,AUS,Austin Bergstrom International
AUY,AUY,Anelghowhat
AVL,AVL,Asheville Regional
AVP,AVP,Wilkes-Barre/Scranton International
AVV,AVV,Avalon
AWD,AWD,Aniwa
AXA,AXA,The Valley
AXD,ALE,Alexandroupolis
AXM,AXM,Armenia
AXT,AXT,Akita
AXU,AXU,Axum
AYQ,AYQ,Uluru
AYT,AYT,Antalya
AZO,AZO,Kalamazoo/Battle Creek International
AZR,AZR,Adrar
AZS,AZS,Samana
BAH,BAH,Bahrain International
BAK,BAK,Bina
BAL,BAL,Batman
BAQ,BAQ,Ernesto Cortissoz
BAU,BAU,Bauru
BAV,BAV,Baotou Erliban
BAX,BAX,Barnaul
BAY,BAY,Baia Mare
BBA,BBA,Balmaceda
BBI,BBI,Bhubaneswar
BCD,BCD,Bacolod
BCI,BCI,Barcaldine
BCN,BCN,El Prat
BDA,BDA,L.F. Wade International
BDB,BDB,Bundaberg
BDJ,BDJ,Banjarmasin
BDL,WIN,Windsor Locks
BDO,BDO,Bandung
BDQ,BDQ,Baroda
BDS,BDS,Brindisi
BDU,BDU,Bardufoss
BEG,BEG,Beograd
BEL,BEL,Val De Caes
BEN,BEN,Benina
BER,BER,Berlin Brandenburg
BES,BES,Guipavas
BET,BET,Bethel
BEY,BEY,Beirut International
BFF,BFF,Scottsbluff
BFL,BFL,Meadows Fld
BFN,BFN,Bloemfontein
BFS,BFS,Aldergrove
BGA,BGA,Palonegro
BGF,BGF,Bangui M Poko
BGG,BGG,Bingol
BGI,GRA,Bridgetown
BGM,BGM,Greater Binghamton
BGO,BGO,Bergen Flesland
BGR,BGR,Bangor International
BGW,BAG,Baghdad
BGY,BGY,Bergamo
BHB,BHB,Bar Harbor
BHD,BFS,City
BHE,BHE,Woodbourne
BHH,BHH,Bisha
BHI,BHI,Bahia Blanca
BHJ,BHJ,Bhuj
BHM,BHM,Birmingham International
BHO,BHO,Bhopal
BHU,BHU,Bhaunagar
BHX,BHX,Birmingham
BHY,BHY,Beihai
BIA,BIA,Poretta
BIK,BIK,Frans Kaisiepo
BIL,BIL,Billings Logan International
BIM,BIM,Alice Town
BIO,BIO,Bilbao
BIQ,ANG,Biarritz-bayonne
BIS,BIS,Bismarck
BJA,BJA,Bejaja
BJF,BJF,Batsfjord
BJI,BJI,Bemidji
BJL,BJL,Banjul International
BJM,BJM,Bujumbura International
BJR,BJR,Bahar Dar
BJV,BJV,Bodrum
BJX,BJX,Del Bajio
BJZ,BJZ,Badajoz
BKI,BKI,Kota Kinabalu International
BKK,BKK,Suvarnabhumi
BKO,BKO,Bamako Senou
BKQ,BKQ,Blackall
BKS,BKS,Bengkulu
BKW,BKW,Beckley
BLI,BLI,Bellingham International
BLJ,BLJ,Batna
BLL,BLL,Billund
BLQ,BLQ,Bologna
BLR,BLR,Bangalore
BLT,BLT,Blackwater
BLZ,BLZ,Chileka International
BMA,STO,Bromma
BME,BME,Broome
BMI,BMI,Central Illinois Regional
BMU,BMU,Bima
BMV,BMV,Buonmethuot
BMW,BMW,Bordj Badji Mokhtar
BNA,BNA,Nashville International
BNE,BNE,Brisbane International
BNI,BNI,Benin
BNK,BNK,Ballina Byron Bay
BNN,BNN,Bronnoysund
BNX,BNX,Banja Luka
BOD,BOD,Merignac
BOG,BOG,Eldorado International
BOH,BOH,Bournemouth
BOI,BOI,Boise Air Terminal
BOJ,BOJ,Bourgas
BOM,MUM,Mumbai
BON,KRA,Kralendijk
BOO,BOO,Bodo
BOS,BOS,General Edward Lawrence Logan International
BPN,BPN,Balikpapan
BPS,BPS,Porto Seguro
BPT,BPT,Southeast Texas Rgnl
BPX,BPX,Bangda
BQB,BQB,Brusselton
BQK,BQK,Brunswick
BQN,BQN,Aguadilla
BRC,BRC,San Carlos De Bariloche
BRD,BRD,Brainerd Lakes Regional
BRE,BRE,Bremen
BRI,BRI,Palese Macchie
BRN,BRN,Bern Belp
BRO,BRO,Brownsville South Padre Island International
BRS,BRS,Bristol
BRU,BRU,Brussels Natl
BRW,BRW,Wiley Post Will Rogers Mem
BSB,BSB,Presidente Juscelino Kubitschek
BSD,BSD,Baoshan
BSG,BSG,Bata
BSK,BSK,Biskra
BSL,BAS,Basel
BSR,BSR,Basrah International
BTH,BTH,Batam
BTJ,BTJ,Banda Aceh
BTK,BTK,Bratsk
BTM,BTM,Bert Mooney
BTR,BTR,Baton Rouge Metro Ryan Fld
BTS,BTS,M R Stefanik
BTU,BTU,Bintulu
BTV,BTV,Burlington International
BTZ,BTZ,Bursa
BUA,BUA,Buka Island
BUD,BUD,Ferihegy
BUF,BUF,Buffalo
BUR,BUR,Burbank Glendale Pasadena
BUS,BUS,Batumi
BVB,BVB,Boa Vista
BVC,BVC,Boa Vista
BVG,BVG,Berlevag
BWE,BWE,Braunschweig
BWI,BWI,Baltimore Washington International
BWK,BWK,Brac
BWN,BAN,Bandar Seri Begawan
BXU,BXU,Butuan
BZE,PHI,Belize City
BZG,BZG,Bydgoszcz
BZI,BZI,Balikesir
BZN,BZN,Gallatin Field
BZV,BZV,Brazzaville Maya Maya
CAE,COU,Columbia Metropolitan
CAG,CAG,Cagliari
CAI,CAI,Cairo International
CAK,AKR,Akron
CAN,CAN,Baiyun
CAY,CAY,Rochambeau
CAZ,CAZ,Cobar
CBH,CBH,Béchar
CBO,CBO,Cotabato
CBQ,CBQ,Calabar
CBR,CBR,Canberra
CCC,CCC,Cayo Coco
CCJ,CCJ,Calicut
CCK,CCK,Cocos Keeling Island
CCP,CCP,Carriel Sur International
CCS,CCS,Simon Bolivar International
CCU,KOL,Kolkata
CCV,CCV,Craig Cove
CDG,PAR,Charles de Gaulle
CDR,CDR,Chadron
CDV,CDV,Merle K Mudhole Smith
CEB,CEB,Cotabato
CEC,CEC,Crescent City
CEI,CEI,Chiang Rai
CEK,CEK,Chelyabinsk
CEN,CEN,Ciudad Obregon
CEZ,CEZ,Cortez
CFE,CFE,Clermont-Ferrand
CFG,CFG,Cienfuegos
CFR,CFR,Caen
CFS,CFS,Coff's Harbour
CFU,CFU,Kerkyra/corfu
CGB,CGB,Marechal Rondon
CGD,CGD,Changde
CGH,SAO,Congonhas
CGI,CGI,Cape Girardeau Regional
CGK,JKT,Soekarno Hatta International
CGN,CGN,Koln Bonn
CGO,CGO,Xinzheng
CGP,CGP,Shah Amanat International
CGQ,CGQ,Changchun Longjia International
CGR,CGR,Campo Grande
CGY,CGY,Ladag
CHA,CHA,Chattanooga Metropolitan
CHC,CHC,Christchurch International
CHO,CHO,Charlottesville VA
CHQ,CHQ,Chania
CHS,CHS,Charleston International
CIC,CIC,Chico Muni
CID,CED,Cedar Rapids
CIF,CIF,Chifeng
CIH,CIH,Changzhi
CIU,CIU,Sault Ste Marie
CIX,CIX,Capt Jose Abelardo Quinones Gonzales
CJA,CJA,Mayor General FAP Armando Revoredo Iglesias
CJB,CJB,Coimbatore
CJC,CJC,El Loa
CJJ,CJJ,Chongju
CJS,CJS,Ciudad Juarez
CJU,CJU,Jeju International
CKB,CKB,Clarksburg
CKG,CKG,Jiangbei
CKY,CON,Conakry
CKZ,CKZ,Canakkale
CLE,CLE,Cleveland Hopkins International
CLJ,CLJ,Cluj-napoca
CLL,CLL,Easterwood Fld
CLO,CLO,Alfonso Bonilla Aragon International
CLQ,CLQ,Colima
CLT,CLT,Charlotte Douglas International
CLY,CLY,Saint Catherine
CMB,CMB,Bandaranaike International
CME,CME,Ciudad Del Carmen International
CMF,CMF,Chambery
CMH,UBS,Port Columbus International
CMI,CMI,University of Illinois Willard
CMN,CMN,Casablanca
CMW,CMW,Camaguey
CMX,CMX,Hancock
CND,CND,Constanta
CNF,BHZ,Tancredo Neves
CNJ,CNJ,Cloncurry
CNM,CNM,Cavern City Air Terminal
CNQ,CNQ,Corrientes
CNS,CNS,Cairns International
CNX,CNX,Chiang Mai International
CNY,CNY,Moab
COD,COD,Cody
COK,KOC,Kochi
COO,COO,Cotonou Cadjehoun
COR,COR,Cordoba
COS,COS,City Of Colorado Springs Muni
COU,COU,Columbia Rgnl
CPE,CPE,Campeche
CPH,CPH,Kastrup
CPO,CPO,Chamonate
CPR,CPR,Natrona Co International
CPT,CPT,Cape Town International
CPV,CPV,Campina Grande
CRD,CRD,Comodoro Rivadavia
CRK,CRK,Angeles City
CRP,CRP,Corpus Christi International
CRV,CRV,Crotone
CRW,CHS,Yeager
CSG,UBS,Columbus Airport (Georgia)
CSX,HUA,Changcha
CTA,CTA,Catania Fontanarossa
CTC,CTC,Catamarca
CTG,CTG,Rafael Nunez
CTL,CTL,Charlieville
CTS,SPK,Chitose International
CTU,CTU,Shuangliu
CUC,CUC,Cucuta
CUE,CUE,Mariscal Lamar
CUL,CUL,Culiacan International
CUN,CUN,Cancun International
CUR,WIL,Willemstad
CUU,CUU,General R Fierro Villalobos International
CUZ,CUZ,Velazco Astete
CVG,CVG,Cincinnati Northern Kentucky International
CVM,CVM,Ciudad Victoria
CVN,CVN,Clovis
CWA,CWA,Wassau
CWB,CWB,Afonso Pena
CWL,CWL,Cardiff
CXI,CXI,Kiritimati
CXJ,CXJ,Caxias Do Sul
CXR,CXR,Nha Trang
CYO,CYO,Cayo Largo del Sur
CYS,CYS,Cheyenne
CZL,CZL,Constantine
CZM,CZM,Cozumel International
CZS,CRU,Cruzeiro do Sul
CZX,CZX,Changzhou
DAB,DAB,Daytona Beach International
DAC,DAC,Zia International
DAD,DAD,Danang
DAL,DAL,Dallas Love Field
DAM,DAM,Damascus International
DAR,DAR,Julius Nyerere International
DAT,DAT,Datong
DAX,DAX,Dazhou
DAY,DAY,James M Cox Dayton International
DBO,DBO,Dubbo
DBQ,DBQ,Dubuque IA
DBV,DBV,Dubrovnik
DCA,WAS,Ronald Reagan Washington National
DDC,DDC,Dodge City
DDG,DDG,Dandong
DED,DED,Dehra Dun
DEL,DEL,Indira Gandhi International
DEN,DEN,Denver International
DFW,DAL,Dallas Fort Worth International
DGE,DGE,Mudgee
DGO,DGO,Durango International
DGT,DGT,Dumaguete
DHA,DHA,King Abdulaziz Ab
DHM,DHM,Kangra
DHN,DHN,Dothan Rgnl
DIB,DIB,Dibrugarh
DIG,DIG,Shangri-La
DIK,DIK,Dickinson
DIL,DIL,Dili
DIN,DIN,Dienbienphu
DIR,DIR,Dire Dawa
DIW,DIW,Dickwella
DIY,DIY,Diyabakir
DJB,DJB,Jambi
DJE,DJE,Zarzis
DJG,DJG,Djanet
DJJ,DJJ,Jayapura
DKR,DKR,Leopold Sedar Senghor International
DLA,DLA,Douala
DLC,DLC,Dalian
DLG,DLG,Dillingham
DLH,DLH,Duluth International
DLI,DLI,Dalat
DLM,DLM,Dalaman
DLU,DLU,Dali
DLY,DLY,Dillon's Bay
DME,MOW,Domodedovo International
DMM,DMM,Dammam
DMU,DMU,Dimapur
DNK,DNK,Dnepropetrovsk
DNZ,DNZ,Denizli
DOH,DOH,Doha International
DOK,DOK,Donetsk
DOL,DOL,Deauville
DOM,DOM,Melville Hall
DOY,DOY,Dongying
DPL,DPL,Dipolog
DPS,DPS,Bali International
DRO,DRO,Durango La Plata Co
DRS,DRS,Dresden
DRT,DRT,Del Rio
DRW,DRW,Darwin International
DSM,DSM,Des Moines International
DSN,DSN,Dongsheng
DTM,DTM,Dortmund
DTW,DTT,Detroit Metro Wayne Co
DUB,DUB,Dublin
DUD,DUD,Dunedin
DUR,DUR,Durban International
DUS,DUE,Duesseldorf
DUT,UNA,Unalaska
DVL,DVL,Devils Lake
DVO,DVO,Francisco Bangoy International
DVP,DVP,Diamantina Lakes
DWC,DXB,Al Maktoum International
DWD,DWD,Dawadmi
DXB,DXB,Dubai International
DYG,DYG,Dayong
DYU,DYU,Dushanbe
DZA,DZA,Dzaoudzi
EAE,EAE,Sangafa
EAM,EAM,Nejran
EAR,EAR,Kearney
EAS,EAS,San Sebastian
EAT,EAT,Pangborn Memorial
EAU,EAU,Eau Claire
EBB,EBB,Entebbe International
EBL,EBL,Erbil
ECF,ECF,Route d'Agen
ECN,NIC,Nicosia
ECP,PFN,Northwest Florida Beaches International
EDI,EDI,Edinburgh
EGE,EGE,Vail
EGS,EGS,Egilsstadir
EIN,EIN,Eindhoven
EIS,TOR,Tortola
EJA,EJA,Barrancabermeja
EJH,EJH,Wejh
EKO,EKO,Elko Regional
ELC,ELC,Elcho Island
ELH,ELH,North Eleuthera
ELM,ELM,Elmira/Corning Regional
ELP,ELP,El Paso International
ELQ,ELQ,Gassim
ELS,ELS,East London
ELU,ELU,Guemar
ELY,ELY,Ely
EMD,EMD,Emerald
ENE,ENE,Ende
ENH,ENH,Enshi
ENU,ENU,Enugu
ENY,ENY,Yan'an
EOH,MDE,Olaya Herrera
EPR,EPR,Esperance
EQS,EQS,Esquel
ERC,ERC,Erzincan
ERF,ERF,Erfurt
ERI,ERI,Erie International
ERZ,ERZ,Erzurum
ESB,ANK,Esenboga
ESK,ESK,Eskisehir
ESU,ESU,Essadouira
ETH,ETH,Eilat
ETZ,ETZ,Metz
EUG,EUG,Mahlon Sweet Field
EUN,EUN,El Aaiún
EVE,EVE,Harstad/Narvik
EVN,YER,Yerevan
EVV,EVV,Evansville Regional
EWB,NEW,New Bedford
EWN,EWN,Coastal Carolina Regional
EWR,EWR,Newark
EXM,EXM,Exmouth
EXT,EXT,Exeter
EYW,EYW,Key West
EZE,BUE,Ministro Pistarini International
EZS,EZS,Elazig
FAE,FAE,Vagar
FAI,FAI,Fairbanks International
FAO,FAO,Faro
FAR,FAR,Hector International
FAT,FAT,Fresno Yosemite International
FAY,FYV,Fayetteville Regional
FBM,FBM,Lubumbashi International
FCA,FCA,Glacier Park International
FCO,ROM,Leonardo da Vinci-Fiumicino
FDE,FDE,Forde
FDF,LEL,Fort-de-france
FDH,FDH,Friedrichshafen
FEN,FEN,Fernando Do Noronha
FEZ,FES,Fes
FIH,FIH,Kinshasa
FKB,FKB,Karlsruhe/Baden-Baden
FKI,FKI,Bangoka International
FKS,FKS,Fukushima
FLA,FLA,Florencia
FLG,FLG,Flagstaff
FLL,FLL,Fort Lauderdale
FLN,FLN,Florianopolis
FLO,MSL,Florence Rgnl
FLR,FLR,Peretola
FMA,FMA,Formosa
FMM,FMM,Memmingen
FMN,FMN,Farmington
FMO,FMO,Munster Osnabruck
FNA,FNA,Freetown Lungi
FNC,FNC,Madeira
FNI,FNI,Nîmes-Alès-Camargue-Cévennes
FNJ,FNJ,Pyongyang / Sunan (Capital)
FNT,FNT,Bishop International
FOC,FOC,Changle
FOD,FOD,Fort Dodge
FOR,FOR,Pinto Martins International
FPO,FPO,Grand Bahama International
FRA,FRA,Frankfurt Main
FRO,FRO,Floro
FRS,FRS,Mundo Maya International
FRU,FRU,Bishkek
FSC,FSC,Figari
FSD,FSD,Sioux Falls Regional
FSM,FSM,Fort Smith Regional
FSZ,FSZ,Shizuoka
FTA,FTA,Futuna Island
FTE,FTE,El Calafate
FUE,FUE,Fuerteventura
FUG,FUG,Fuyang
FUK,FUK,Fukuoka
FUN,FUN,Funafuti
FUO,FUO,Foshan
FWA,FWA,Fort Wayne International
GAJ,GAJ,Yamagata
GAU,GUW,Guwahati
GAY,GAY,Gaya
GBE,GBE,Gaberone
GCC,GCC,Gillette
GCI,GCI,Guernsey
GCK,GCK,Garden City
GCM,GEO,Georgetown
GDE,GDE,Gode
GDL,GDL,Don Miguel Y Hidalgo International
GDN,GDN,Gdansk
GDQ,GDQ,Gondar
GDX,GDX,Sokol
GDZ,GDZ,Gelendzik
GEG,GEG,Spokane
GEO,CHE,Georgetown
GES,GES,General Santos City
GET,GET,Geraldton
GFK,GFK,Grand Forks International
GGG,GGG,East Texas Regional
GGT,GGT,Great Exuma
GHA,GHA,Ghardaia
GHB,GHB,Governor's Harbor
GIB,GIB,Gibraltar
GIG,GIG,Rio De Janeiro
GIS,GIS,Gisborne
GIU,GIU,Sigiriya
GIZ,GIZ,Gizan
GJL,GJL,Jijel
GJT,GJT,Grand Junction
GKA,GKA,Goroka
GLA,GLA,Glasgow
GLT,GLT,Gladstone
GMB,GMB,Gambella
GMP,SEL,Gimpo
GNB,GNB,Grenoble-Isère
GND,POI,Point Salines
GNV,GAI,Gainesville
GNY,GNY,Sanliurfa
GOA,GOA,Cristoforo Colombo
GOI,GOI,Goa
GOJ,GOJ,Nizhniy Novgorod
GOQ,GOQ,Golmud
GOT,GOT,Landvetter
GOV,GOV,Gove
GPA,GPA,Patras
GPS,GPS,Galapagos
GPT,GPT,Gulfport-Biloxi International
GRB,GRB,Austin Straubel International
GRI,GRI,Grand Island
GRJ,GRJ,George
GRK,ILE,Killeen-Fort Hood Regional
GRO,GRO,Gerona
GRQ,GRQ,Eelde
GRR,GRR,Gerald R Ford International
GRU,SAO,Guarulhos
GRX,GRX,Granada
GRZ,GRZ,Thalerhof
GSO,GSO,Piedmont Triad International
GSP,PGV,Greenville-Spartanburg International
GSQ,GSQ,Sharq Al-Owainat
GST,GST,Gustavus
GTE,GTE,Groote Eylandt
GTF,GTF,Great Falls International
GTO,GTO,Gorontalo
GTR,GTR,Columbus Mississippi
GUA,GUA,La Aurora
GUC,GUC,Gunnison-Crested Butte Regional
GUM,ANT,Agana
GUR,GUR,Gurney
GVA,GVA,Geneva Cointrin
GWL,GWL,Gwalior
GWT,GWT,Westerland
GYD,BAK,Heydar Aliyev International
GYE,GYE,José Joaquín de Olmedo International
GYM,GYM,Guaymas
GYN,GYN,Goiania
GYS,GYS,Guangyuan
GZT,GZT,Gaziantep
HAA,HAA,Hasvik
HAC,HAC,Hachijojima
HAH,YVA,Moroni Hahaia
HAJ,HAJ,Hannover-Langenhagen
HAK,HAK,Haikou Meilan International
HAM,HAM,Hamburg
HAN,HAN,Noibai International
HAR,HAR,Harrisburg International
HAS,HAS,Hail
HAU,HAU,Haugesund Karmoy
HAV,HAV,Jose Marti International
HBA,HBA,Hobart
HBE,HBE,Alexandria
HBX,HBX,Hubli
HDF,HDF,Heringsdorf
HDN,HDN,Hayden
HDS,HDS,Hoedspruit
HDY,HDY,Hat Yai International
HEK,HEK,Heihe
HEL,HEL,Helsinki Vantaa
HER,HER,Nikos Kazantzakis
HET,HET,Hohhot Baita International
HFD,HFD,Hartford Brainard
HFE,HFE,Luogang
HFT,HFT,Hammerfest
HGH,HGH,Xiaoshan
HGO,HGO,Korhogo
HGU,HGU,Mount Hagen
HHH,HHH,Hilton Head
HIA,HIA,Huai An
HIB,HIB,Chisholm Hibbing
HID,HID,Horn Island
HIJ,HIJ,Hiroshima
HIN,HIN,Sacheon
HIR,HIR,Honiara
HJJ,HJJ,Zhijiang
HJR,HJR,Khajuraho
HKD,HKD,Hakodate
HKG,HON,Hong Kong
HKN,HKN,Hoskins
HKT,HKT,Phuket International
HLA,JNB,Lanseria
HLD,HLD,Hailar
HLH,HLH,Ulanhot
HLN,HLN,Helena Rgnl
HLZ,HLZ,Hamilton
HMB,HMB,Sohag
HME,HME,Hassi Messaoud
HMI,HMI,Hami
HMO,HMO,General Ignacio P Garcia International
HNA,HNA,Hanamaki
HND,TYO,Haneda
HNL,HNL,Honolulu International
HOB,HOB,Hobbs
HOF,HOF,Al-ahsa
HOG,HOG,Holguin
HON,HUR,Huron
HOR,HOR,Horta
HOU,HOU,William P Hobby
HOV,HOV,Orsta-Volda
HPH,HPH,Haiphong
HPN,WHI,White Plains
HRB,HRB,Taiping
HRE,HRE,Harare International
HRG,HRG,Hurghada
HRI,HRI,Mattala
HRK,HRK,Kharkov
HRL,HRL,Valley International
HSG,HSG,Saga
HSN,HSN,Zhoushan
HSV,HSV,Huntsville International
HTA,HTA,Chita
HTI,HTI,Hamilton Island
HTN,HTN,Hotan
HTS,HUN,Huntington
HTY,HTY,Hatay
HUE,HUE,Humera
HUI,HUI,Hue
HUN,HUL,Hualien
HUX,HUT,Bahias De Huatulco International
HUY,HUY,Humberside
HVB,HVB,Hervey Bay
HVG,HVG,Honningsvag
HVN,HVN,New Haven
HYA,BAR,Barnstable
HYD,HYD,Rajiv Gandhi International
HYN,HYN,Huangyan
HYS,HYS,Hays
HZH,HZH,Liping
IAD,WAS,Washington Dulles International
IAH,HOU,George Bush Intcntl Houston
IAM,IAM,Zarzaitine
IAS,IAS,Iasi
IBA,IBA,Ibadan
IBE,IBE,Ibague
IBR,IBR,Ibaraki
IBZ,IBZ,Ibiza
ICN,SEL,Incheon International
ICT,ICT,Wichita Mid Continent
IDA,IDA,Idaho Falls
IDR,IDR,Indore
IEV,IEV,Zhuliany
IFJ,IFJ,Isafjordur
IFN,IFN,Isfahan International
IGD,IGD,Igdir
IGM,IGM,Kingman
IGR,IGR,Iguazu Falls
IGU,FOZ,Foz Do Iguacu
IKA,THR,Tehran Imam Khomeini International
IKT,IKT,Irkutsk
ILD,ILD,Lleida
ILM,ILM,Wilmington International
ILO,ILO,Iloilo
ILR,ILR,Ilorin
ILZ,ILZ,Žilina
IMF,IMF,Imphal
IMP,IMP,Imperatriz
INC,YIN,Yinchuan
IND,IND,Indianapolis International
INL,INL,International Falls
INN,INN,Innsbruck
INV,INV,Inverness
INZ,INZ,In Salah
IOS,IOS,Ilheus
IPA,IPA,Ipota
IPC,IPC,Mataveri International
IPL,IPL,Imperial
IPT,IPT,Williamsport
IQQ,IQQ,Diego Aracena International
IQT,IQT,Iquitos
IRJ,IRJ,La Rioja
IRK,IRK,Kirksville
ISA,ISA,Mount Isa
ISB,ISB,Chaklala
ISE,ISE,Isparta
ISG,ISG,Ishigaki
ISN,ISN,Williston
ISP,ISL,Islip
IST,IST,Ataturk
ISU,ISU,Sulaymaniyah
ITH,ITH,Ithaca Tompkins Regional
ITM,OSA,Osaka International
ITO,ITO,Hilo International
IUE,IUE,Alofi
IVC,IVC,Invercargill
IVL,IVL,Ivalo
IWD,IWD,Ironwood
IWJ,IWJ,Iwami
IXA,IXA,Agartala
IXB,IXB,Baghdogra
IXC,IXC,Chandigarh
IXD,IXD,Allahabad
IXE,IXE,Mangalore
IXJ,IXJ,Jammu
IXL,IXL,Leh
IXM,IXM,Madurai
IXR,IXR,Ranchi
IXS,IXS,Silchar
IXU,IXU,Aurangabad
IXY,IXY,Kandla
IXZ,IXZ,Port Blair
IYK,IYK,Inyokern
IZO,IZO,Izumo
JAC,JAC,Jackson Hole
JAI,JAI,Jaipur
JAL,JAL,Jalapa
JAN,JAN,Jackson-Evers International
JAX,JAX,Jacksonville International
JDH,JDH,Jodhpur
JDO,JDO,Juazeiro Do Norte
JDZ,JDZ,Jingdezhen
JED,JED,King Abdulaziz International
JER,JER,Jersey
JFK,NYC,John F Kennedy International
JGA,JGA,Jamnagar
JGN,JGN,Jiayuguan
JGS,JGS,Ji An
JHB,JHB,Sultan Ismail
JHG,JHG,Jinghong
JHM,JHM,Lahania-kapalua
JIB,JIB,Djibouti-Ambouli International
JIJ,JIJ,Jijiga
JIM,JIM,Jimma
JIU,JIU,Jiujiang
JJN,JJN,Quanzhou
JKH,JKH,Chios
JLN,JLN,Joplin
JLR,JLR,Jabalpur
JMK,JMK,Mykonos
JMS,JMS,Jamestown
JMU,JMU,Jiamusi
JNB,JNB,OR Tambo International
JNG,JNG,Jining
JNU,JNU,Juneau International
JNZ,JNZ,Jinzhou
JOE,JOE,Joensuu
JOG,JOG,Yogyakarta
JOI,JOI,Joinville
JOS,JOS,Jos
JPA,JPA,Joao Pessoa
JRO,JRO,Kilimanjaro International
JSH,JSH,Sitia
JSI,JSI,Skiathos
JST,JST,Johnstown
JTR,JTR,Thira
JUB,JUB,Juba
JUJ,JUJ,Jujuy
JUL,JUL,Juliaca
JUZ,JUZ,Quzhou
JYV,JYV,Jyvaskyla
JZH,JZH,Jiuzhaigou
KAD,KAD,Kaduna
KAN,KAN,Kano Mallam Aminu International
KAO,KAO,Kuusamo
KBL,KBL,Kabul International
KBP,IEV,Boryspil
KBR,KBR,Kota Bahru
KBV,KBV,Krabi
KCA,KCA,Kuqa
KCH,KCH,Kuching International
KCM,KCM,Kahramanmaras
KCT,KCT,Koggala
KCZ,KCZ,Kochi
KDI,KDI,Kendari
KEF,KEF,Keflavik
KEJ,KEJ,Kemorovo
KGD,KGD,Kaliningrad
KGI,KGI,Kalgoorlie
KGL,KGL,Kigali International
KGS,KGS,Kos
KHG,KHG,Kashi
KHH,KHH,Kaohsiung International
KHI,KHI,Jinnah International
KHN,KHN,Nanchang
KHS,KHS,Khasab
KHV,KHV,Novy
KIJ,KIJ,Niigata
KIM,KIM,Kimberley
KIN,KIN,Norman Manley International
KIS,KIS,Kisumu
KIV,KIV,Chisinau
KIX,OSA,Kansai International
KJA,KJA,Yemelyanovo
KKC,KKC,Khon Kaen
KKE,KKE,Kerikeri
KKJ,KKJ,Kitakyushu
KKN,KKN,Kirkenes
KKX,KKX,Kikai
KLO,KLO,Kalibo
KLR,KLR,Kalkmar
KLU,KLU,Klagenfurt(Aus-Afb)
KLV,KLV,Karlovy Vary
KLX,KLX,Kalamata
KMG,KMG,Wujiaba
KMI,KMI,Miyazaki
KMJ,KMJ,Kumamoto
KMQ,KOM,Kanazawa
KNU,KNU,Kanpur
KNX,KNX,Kununurra
KOA,KOA,Kona
KOE,KOE,Kupang
KOJ,KOJ,Kagoshima
KOW,KOW,Ganzhou
KPO,KPO,Pohang
KRK,KRK,Krakow
KRL,KRL,Korla
KRN,KRN,Kiruna
KRR,KRR,Krasnodar
KRS,KRS,Kristiansand Kjevik
KRT,KRT,Khartoum
KRY,KRY,Karamay
KSA,KSA,Kosrae
KSC,KSC,Kosice
KSH,KSH,Bakhtaran
KSU,KSU,Kristiansund
KSY,KSY,Kars
KTA,KTA,Karratha
KTM,KTM,Tribhuvan International
KTN,KTN,Ketchikan International
KTT,KTT,Kittila
KTW,KTW,Katowice
KUA,KUA,Kuantan
KUF,KUF,Samara
KUH,KUH,Kushiro
KUL,KUL,Kuala Lumpur International
KUM,KUM,Yakushima
KUN,KUN,Kaunas
KUO,KUO,Kuopio
KUT,KUT,Kutaisi
KUU,KUU,Kulu
KUV,KUV,Kunsan
KVA,KVA,Kavala
KVD,KVD,Ganja
KVG,KVG,Kavieng
KWA,KWA,Bucholz Aaf
KWE,KWE,Guiyang Longdongbao International
KWI,KWI,Kuwait International
KWJ,KWJ,Gwangju
KWL,KWL,Liangjiang
KYA,KYA,Konya
KZN,KZN,Kazan
KZR,KZR,Kutahya
LAD,LAD,Quatro de Fevereiro
LAE,NAD,Nadzab
LAN,LAN,Capital City
LAO,LAO,Laoag
LAP,GEN,La Paz
LAS,LAS,Mc Carran International
LAW,LAW,Lawton-Fort Sill Regional
LAX,LAX,Los Angeles International
LBA,LBA,Leeds Bradford
LBB,LBB,Lubbock International
LBD,LBD,Khudzhand
LBF,LBF,North Platte
LBJ,LBJ,Labuhan Bajo
LBL,LBL,Liberal
LBU,LBU,Labuan
LBV,LBV,Libreville Leon M Ba
LCA,LCA,Larnaca
LCE,LCE,Goloson International
LCG,LCG,La Coruna
LCH,LCH,Lake Charles Rgnl
LCX,LCX,Longyan
LCY,LON,City
LDB,LDB,Londrina
LDE,TAR,Tarbes
LDH,LDH,Lord Howe Island
LDU,LDU,Lahad Datu
LEB,LEB,Lebanon Municipal
LED,LED,Pulkovo
LEI,LEI,Almeria
LEJ,LEJ,Leipzig Halle
LEN,LEN,Leon
LEX,LEX,Lexington KY
LFT,LFT,Lafayette Rgnl
LFW,LFW,Lome Tokoin
LGA,NYC,La Guardia
LGB,LGB,Long Beach
LGK,PUL,Pulau
LGP,LGP,Legazpi
LGW,LON,Gatwick
LHE,LHE,Allama Iqbal International
LHR,LON,Heathrow
LHW,LHW,Lanzhou Zhongchuan
LIG,LIG,Bellegarde
LIH,LIH,Lihue
LIL,LIL,Lesquin
LIM,LIM,Jorge Chavez International
LIN,MIL,Linate
LIR,LIR,Liberia
LIS,LIS,Lisboa
LIT,LIT,Little Rock National Airport/Adams Field
LJG,LJG,Lijiang
LJU,LJU,Ljubljana
LKL,LKL,Lakselv
LKN,LKN,Leknes
LKO,LKO,Lucknow
LLA,LLA,Kallax
LLI,LLI,Lalibella
LLW,LLW,Lilongwe International
LMM,LMM,Los Mochis
LMP,LMP,Lampedusa
LMT,LMT,Klamath Falls
LNB,LNB,Lamen Bay
LNE,LNE,Lonorore
LNJ,LNJ,Lincang
LNK,LNK,Lincoln Muni
LNV,LNV,Londolovit
LNY,LNY,Lanai
LNZ,LNZ,Horsching International Airport (Aus - Afb)
LOD,LOD,Longana
LOO,LOO,Laghouat
LOP,LOP,Praya
LOS,LOS,Lagos Murtala Muhammed
LPA,LPA,Gran Canaria
LPB,LPB,El Alto International
LPI,LPI,Linkoeping
LPL,LPL,Liverpool
LPM,LPM,Lamap
LPP,LPP,Lappeenranta
LPQ,LPQ,Luang Prabang
LPT,LPT,Lampang
LRD,LRD,Laredo International
LRE,LRE,Longreach
LRM,LRM,La Romana
LRT,LRT,Lorient
LSC,LSC,La Serena
LSE,LSE,La Crosse Municipal
LST,LST,Launceston
LTN,LON,Luton
LTO,LTO,Loreto International
LUG,LUG,Lugano
LUH,LUH,Ludhiaha
LUM,LUM,Luxi
LUN,LUN,Lusaka International
LUQ,LUQ,San Luis
LUX,FIN,Luxemburg
LVI,LVI,Livingstone
LWB,LWB,Lewisburg
LWO,LWO,Lvov
LWS,LWS,Lewiston
LXA,LXA,Lhasa Gonggar
LXR,LXR,Luxor International
LYA,LYA,Luoyang
LYG,LYG,Lianyungang
LYH,LYH,Lynchburg
LYI,LYI,Linyi
LYR,LYR,Svalbard
LYS,LYS,Saint Exupery
LZC,LZC,Lazard Cardenas
LZH,LZH,Liuzhou
LZO,LZO,Luzhou
LZY,LZY,Nyingchi
MAA,MAA,Chennai International
MAB,MAB,Maraba
MAD,MAD,Barajas
MAF,MAF,Midland International
MAG,MAG,Madang
MAH,MAH,Menorca
MAJ,MAJ,Marshall Islands International
MAK,MAK,Malakal
MAM,MAM,General Servando Canales International
MAN,MAN,Manchester
MAO,MAO,Eduardo Gomes International
MAR,MAR,La Chinita International
MAS,MAS,Momote
MAZ,MAZ,Eugenio Maria De Hostos
MBA,MBA,Moi International
MBE,MBE,Monbetsu
MBJ,MBJ,Sangster International
MBS,SAG,Saginaw
MCE,MCE,Merced
MCI,MKC,Kansas City International
MCK,MCK,McCook
MCO,MCO,Orlando
MCP,MCP,Macapa
MCT,MCT,Seeb International
MCV,MCV,McArthur River Mine
MCW,MCW,Mason City
MCY,MCY,Maroochydore
MCZ,MCZ,Maceio
MDC,MDC,Sam Ratulangi
MDE,RNE,Jose Maria Cordova
MDG,MDG,Mudanjiang
MDI,MDI,Makurdi
MDL,MDL,Mandalay
MDQ,MDQ,Mar Del Plata
MDT,HAR,Harrisburg International
MDU,MDU,Mendi
MDW,CHI,Chicago Midway International
MDZ,MDZ,El Plumerillo
MED,PRI,Madinah
MEH,MEH,Mehamn
MEL,MEL,Tullamarine
MEM,MEM,Memphis International
MES,MES,Polonia
MEX,MEX,Licenciado Benito Juarez International
MFE,MCA,Mcallen
MFM,MFM,Macau
MFR,MFR,Rogue Valley International-Medford
MGA,MGA,Managua International
MGF,MGF,Maringa
MGM,MGM,Montgomery Regional
MGQ,MGQ,Mogadishu
MGT,MGT,Milingimbi
MGW,MGW,Morgantown
MHD,MSH,Mashhad International
MHH,MHH,Marsh Harbor
MHK,MHK,Manhattan
MHT,MHT,Manchester-Boston Regional
MHU,MHU,Mount Hotham
MIA,MIA,Miami International
MID,MID,Licenciado Manuel Crecencio Rejon International
MIG,MIG,Mianyang
MIR,MIR,Monastir
MIU,MIU,Maiduguri
MJF,MJF,Mosjoen
MJT,MJT,Mytilini
MJV,MJV,Murcia
MKE,MKE,General Mitchell International
MKG,MKG,Muskegon County
MKK,MOL,Molokai
MKQ,MKQ,Merauke
MKW,MKW,Manokwari
MKY,MKY,Mackay
MLA,MLA,Luqa
MLB,MLB,Melbourne International
MLE,MLE,Male International
MLG,MLG,Malang
MLI,MLI,Quad City International
MLM,MLM,General Francisco J Mujica
MLN,MLN,Melilla
MLU,MLU,Monroe Rgnl
MLX,MLX,Malatya
MMB,MMB,Memanbetsu
MME,MME,Teesside
MMH,MMH,Mammoth Lakes
MMK,MMK,Murmansk
MMX,MMX,Malmoe
MMY,MMY,Miyako
MNG,MNG,Maningrida
MNL,MNL,Ninoy Aquino International
MOB,MOB,Mobile Rgnl
MOC,MOC,Montes Claros
MOD,MOD,Modesto
MOL,ARO,Molde
MOT,MOT,Minot International
MOV,MOV,Moranbah
MPL,MPL,Mediterranee
MPM,MPM,Maputo
MPN,MPN,Mount Pleasant
MQL,MQL,Mildura
MQM,MQM,Mardin
MQN,MQN,Mo i Rana
MQT,MQT,Sawyer International
MQX,MQX,Makale
MRA,MRA,Misratah
MRS,MRS,Provence
MRU,PLA,Plaisance
MRV,MIN,Mineralnye Vody
MRY,MRY,Monterey
MRZ,MRZ,Moree
MSJ,MSJ,Misawa
MSL,MUS,Muscle Shoals
MSN,MSN,Dane Co Rgnl Truax Fld
MSO,MSO,Missoula International
MSP,MSP,Minneapolis St Paul International
MSQ,MSQ,Minsk International
MSR,MSR,Mus
MSS,MSS,Massena
MST,MST,Maastricht
MSY,MSY,Louis Armstrong New Orleans International
MTJ,MTJ,Montrose CO
MTR,MTR,Monteria
MTT,MTT,Minatitlan
MTV,MTV,Ablow
MTY,MTY,General Mariano Escobedo International
MUC,MUC,Munich
MVD,MVD,Carrasco International
MVY,VIN,Vineyard Haven MA
MWA,MWA,Williamson County Regional
MWF,MWF,Maewo Island
MWX,MWX,Muan
MXH,MXH,Moro
MXL,MXL,Mexicali
MXP,MXP,Milano
MXZ,MXZ,Meixian
MYD,MYD,Malindi
MYE,MYE,Miyakejima
MYJ,MYJ,Matsuyama
MYR,MYR,Myrtle Beach International
MYY,MYY,Miri
MZG,MZG,Makung
MZH,MZH,Merzifon
MZL,MZL,Manizales
MZR,MZR,Mazar-i-sharif
MZT,MZT,General Rafael Buelna International
MZV,MZV,Mulu
NAA,NAA,Narrabri
NAG,NAG,Nagpur
NAJ,NAJ,Nakhchivan
NAN,NDI,Nadi International
NAO,NAO,Nanchong
NAP,NAP,Naples
NAS,NAS,Nassau International
NAT,NAT,Augusto Severo
NAV,NAV,Nevsehir
NAY,BJS,Beijing Nanyuan
NBE,NBE,Enfidha
NBO,NBO,Jomo Kenyatta International
NCE,NCE,Côte d'Azur
NCL,NCL,Newcastle
NCY,NCY,Meythet
NDG,NDG,Qiqihar
NDJ,NDJ,Ndjamena
NDR,NDR,El Aroui
NEV,NEV,Charlestown
NGB,NIN,Ninbo
NGO,NGO,Chubu Centrair International
NGS,NGS,Nagasaki
NHA,NHA,Nhatrang
NIM,NIM,Diori Hamani
NJC,NJC,Nizhnevartovsk
NJF,NJF,Najaf
NKC,NKC,Nouakchott
NKG,NKG,Lu Kou
NLA,NLA,Ndola
NLD,NLD,Quetzalcoatl International
NLK,NLK,Norfolk Island
NLP,NLP,Nelspruit
NMM,MEI,Meridian Nas
NNG,NNG,Wuxu
NNY,NNY,Nanyang
NOC,NOC,Connaught
NOU,NOU,La Tontouta
NOZ,NOZ,Novokuznetsk
NPE,NPE,Napier
NPL,NPL,New Plymouth
NQN,NQN,Neuquen
NQY,NQY,Newquai
NRN,NRN,Weeze
NRT,TYO,Narita International
NSI,YAO,Yaounde Nsimalen International
NSK,NSK,Alykel
NSN,NSN,Nelson
NTE,NTE,Nantes Atlantique
NTG,NTG,Nantong
NTL,NTL,Newcastle
NTQ,NTQ,Wajima
NTU,NTU,Oceana
NUE,NUR,Nuernberg
NUS,NUS,Norsup
NUX,NUX,Novy Urengoy
NVA,NVA,Neiva
NVK,NVK,Narvik
NVT,NVT,Navegantes
NWI,NWI,Norwich
NYM,NYM,Nadym
NZH,NZH,Manzhouli
OAJ,OAJ,Jacksonville NC
OAK,OAK,Metropolitan Oakland International
OAX,OAX,Xoxocotlan International
OBO,OBO,Obihiro
ODS,ODS,Odessa
OGG,OGG,Kahului
OGN,OGN,Yonaguni Jima
OGS,OGS,Ogdensburg
OGX,OGX,Ouargla
OGZ,OGZ,Beslan
OHD,OHD,Ohrid
OHE,OHE,Mohe County
OIM,OIM,Oshima
OIT,OIT,Oita
OKA,OKA,Naha
OKC,OKC,Will Rogers World
OKE,OKE,Kagoshima Prefecture
OKI,OKI,Oki Island
OKJ,OKJ,Okayama
OLB,OLB,Olbia
OLP,OLP,Olympic Dam
OMA,OMA,Eppley Afld
OME,OME,Nome
OMR,OMR,Oradea
OMS,OMS,Omsk
ONJ,ONJ,Odate Noshiro
ONT,ONT,Ontario International
OOL,OOL,Coolangatta
OOM,OOM,Cooma
OPO,OPO,Porto
ORD,CHI,Chicago Ohare International
ORF,ORF,Norfolk International
ORK,ORK,Cork
ORN,ORN,Es Senia
ORY,PAR,Orly
OSD,OSD,Östersund
OSI,OSI,Osijek
OSL,OSL,Oslo Gardermoen
OSM,OSM,Mosul
OSR,OSR,Ostrava
OSS,OSS,Osh
OSY,OSY,Namsos
OTH,OTH,North Bend
OTP,BUH,Henri Coandă International
OTZ,OTZ,Ralph Wien Mem
OUA,OUA,Ouagadougou
OUD,OUD,Oujda
OUL,OUL,Oulu
OVB,OVB,Tolmachevo
OVD,AVI,Aviles
OWB,OWB,Owensboro
OXB,OXB,Bissau
OXR,OXN,Oxnard
OZH,OZH,Zaporozhye
OZZ,OZZ,Ouarzazate
PAD,PAD,Paderborn
PAH,PAH,Paducah
PAM,PFN,Tyndall Afb
PAP,TOU,Port-au-prince
PAT,PAT,Patina
PAZ,PAZ,Poza Rico
PBC,PBC,Hermanos Serdan International
PBI,PBI,Palm Beach International
PBJ,PBJ,Paama Island
PBM,ZAN,Zandery
PBO,PBO,Paraburdoo
PCL,PCL,Cap Fap David Avenzur Rengifo
PDG,PDG,Padang
PDL,PDL,Ponta Delgada
PDP,PDP,Punta del Este
PDS,PDS,Piedras Negras
PDV,PDV,Plovdiv
PDX,PWM,Portland International
PEE,PEE,Perm
PEI,PEI,Matecana
PEK,BJS,Capital
PEM,PEM,Padre Aldamiz
PEN,PEN,Penang International
PER,PER,Perth International
PEW,PEW,Peshawar
PFO,PFO,Paphos International
PGA,PGA,Page
PGF,PGF,Rivesaltes
PGK,PGK,Pangkal Pinang
PGV,PGV,Pitt-Greenville
PHC,PHC,Port Harcourt International
PHE,PHE,Port Hedland International
PHF,NNS,Newport News Williamsburg International
PHL,PHL,Philadelphia International
PHW,PHW,Phalaborwa
PHX,PHX,Phoenix Sky Harbor International
PIA,PIA,General Wayne A. Downing Peoria International
PIB,PIB,Hattiesburg/Laurel
PIH,PIH,Pocatello Regional
PIR,PIR,Pierre Regional
PIT,PIT,Pittsburgh International
PIU,PIU,Capitan Concha
PIX,PIX,Pico
PKB,PKB,Mid-Ohio Valley Regional
PKC,PKC,Petropavlovsk
PKU,PKU,Pekanbaru
PKY,PKY,Palangkaraya
PLM,PLM,Sultan Mahmud Badaruddin Ii
PLN,PLN,Pellston
PLO,PLO,Port Lincoln
PLQ,PLQ,Palanga
PLS,PLS,Providenciales
PLW,PLW,Palu
PLX,PLX,Semiplatinsk
PLZ,PLZ,Port Elizabeth
PMC,PMC,El Tepual International
PMI,PMI,Palma De Mallorca
PMO,PMO,Boccadifalco
PMR,PMR,Palmerston North
PMW,PMW,Palmas
PNA,PNA,Pamplona
PNE,PHL,Northeast Philadelphia
PNH,PHN,Phnom-penh
PNI,PNI,Pohnpei International
PNK,PNK,Pontianak
PNL,PNL,Pantelleria
PNQ,PNQ,Pune
PNR,PNE,Pointe Noire
PNS,PNS,Pensacola
PNT,PNT,Puerto Natales
PNZ,PNZ,Petrolina
POA,POA,Salgado Filho
POM,POM,Port Moresby Jacksons International
POP,POP,Gregorio Luperon International
POS,POS,Piarco
POZ,POZ,Poznan
PPB,PPB,President Prudente
PPG,PAG,Pago Pago
PPN,PPN,Popayan
PPP,PPP,Prosserpine
PPS,PPS,Puerto Princesa
PPT,PPT,Faa'a International
PQC,PQC,Phu Quoc
PQI,PQI,Northern Maine Rgnl At Presque Isle
PQQ,PQQ,Port Macquarie
PRC,PRC,Prescott
PRG,PRG,Ruzyne
PRN,PRN,Pristina
PSA,PSA,Pisa
PSC,PSC,Tri-Cities Airport (Washington)
PSD,PSD,Port Said
PSE,PSE,Mercedita
PSG,PSG,Petersburg James A. Johnson
PSO,PSO,Pasto
PSP,PSP,Palm Springs International
PSR,PSR,Pescara
PSS,PSS,Posadas
PTG,PTG,Polokwane
PTP,PTP,Le Raizet
PTY,PTY,Tocumen International
PUB,PUB,Pueblo
PUF,PUF,Pau Pyrenees
PUJ,PUJ,Punta Cana
PUQ,PUQ,Carlos Ibanez Del Campo International
PUS,GIM,Busan
PUW,PUW,Pullman
PUY,PUY,Pula
PVC,PVC,Provincetown
PVD,PVD,Theodore Francis Green State
PVG,SHA,Shanghai Pudong International
PVH,PVO,Governador Jorge Teixeira De Oliveira
PVK,PVK,Preveza
PVR,PVR,Licenciado Gustavo Diaz Ordaz International
PWM,PWM,Portland International Jetport
PWQ,PWQ,Pavlodar
PXM,PXM,Puerto Escondido
PXO,PXO,Porto Santo
PXU,PXU,Pleiku
PZB,PZB,Pietermaritzburg
QOW,QOW,Imo
QRO,QRO,Queretaro
QRW,QRW,Osubi
QSF,QSF,Setif
QSR,QSR,Salerno
RAB,TOK,Tokua
RAE,RAE,Arar
RAH,RAH,Rafha
RAI,RAI,"Praia, Santiago Island"
RAJ,RAJ,Rajkot
RAK,RAK,Marrakech
RAO,RAO,Ribeirao Preto
RAP,RAP,Rapid City Regional
RAR,AVA,Avarua
RBA,RBA,Sale
RBR,RBR,Rio Branco
RCB,RCB,Richard's Bay
RCH,RCH,Rio Hacha
RDD,RDD,Redding Municipal
RDM,RDM,Redmond-Bend
RDU,RAL,Raleigh-durham
RDZ,RDZ,Rodez
REC,REC,Guararapes
REG,REG,Reggio Calabria
REL,REL,Trelew
REP,REP,Siem-reap
RES,RES,Resistencia
REX,REX,Reynosa
RFD,RFD,Chicago Rockford International
RGL,RGL,Rio Gallegos
RGN,YAN,Yangon
RGS,RGS,Burgos
RHI,RHI,Rhinelander
RHO,RHO,Rhodos
RIC,RIC,Richmond International
RIS,RIS,Rishiri Island
RIW,RIW,Riverton WY
RIX,RIX,Riga International
RJA,RJA,Rajahmundry
RJK,RJK,Rijeka
RKD,RKD,Rockland
RKS,RKS,Rock Springs
RKV,REK,Reykjavik
RLG,RLG,Laage
RMA,RMA,Roma
RMF,RMF,Marsa Alam
RMI,RMI,Rimini
RMQ,TXG,Taichung
RNB,RNB,Ronneby
RNJ,RNJ,Yoron
RNN,RNN,Ronne
RNO,RNO,Reno Tahoe International
RNS,RNS,Rennes
ROA,ROA,Roanoke Regional
ROB,MLW,Monrovia Roberts International
ROC,RST,Greater Rochester International
ROK,ROK,Rockhampton
ROP,ROP,Rota International
ROR,BAB,Babelthuap
ROS,ROS,Rosario
ROT,ROT,Rotorua
ROV,ROV,Rostov
ROW,ROW,Roswell Industrial Air Center
RPR,RPR,Raipur
RRG,RRG,Rodriguez Island
RRS,RRS,Roros
RSU,RSU,Yeosu
RSW,FMY,Southwest Florida International
RTB,RTB,Roatan
RTM,RTM,Rotterdam The Hague
RUH,RUH,King Khaled International
RUN,RUN,St Denis Gillot
RUT,RUT,Rutland
RVK,RVK,Rørvik
RVN,RVN,Rovaniemi
RVT,RVT,Ravensthorpe
RXS,RXS,Roxas City
RZE,RZE,Rzeszow
SAF,SAF,Santa Fe
SAH,SAH,Sana'a International
SAL,SAL,Cuscatlán International
SAN,SAN,San Diego International Lindbergh Fld
SAP,SAP,La Mesa International
SAT,SAT,San Antonio International
SAV,SAV,Savannah Hilton Head International
SAW,IST,Sabiha Gökçen International
SBA,SBA,Santa Barbara Municipal
SBH,SBH,Gustavia
SBN,SBN,South Bend Regional
SBP,SBP,San Luis Obispo
SBW,SBW,Sibu
SBY,SBY,Salisbury
SBZ,SBZ,Sibiu
SCC,DEA,Deadhorse
SCE,SCE,State College Pennsylvania
SCL,SCL,Arturo Merino Benitez International
SCN,SCN,Saarbrucken
SCQ,SCQ,Santiago de Compostela
SCU,SCU,Santiago De Cuba
SCV,SCV,Suceava
SDE,SDE,Santiago Del Estero
SDF,SDF,Louisville International
SDJ,SDJ,Sendai
SDK,SDK,Sandakan
SDL,SDL,Sundsvall Harnosand
SDN,SDN,Sandane
SDQ,SDQ,Las Americas International
SDR,SDR,Santander
SDU,RIO,Santos Dumont
SEA,SEA,Seattle Tacoma International
SEZ,SEY,Mahe
SFA,SFA,Sfax
SFB,SFB,Sanford
SFG,SFG,St. Martin
SFN,SFN,Santa Fe
SFO,SFO,San Francisco International
SFT,SFT,Skelleftea
SGC,SGC,Surgut
SGF,SPI,Springfield-Branson National
SGN,SGN,Tansonnhat International
SGU,SAI,Saint George
SHA,SHA,Hongqiao International
SHB,SHB,Nakashibetsu
SHC,SHC,Shire Indasilase
SHD,SHD,Weyers Cave
SHE,SHE,Shenyang Taoxian International
SHJ,SHJ,Sharjah International
SHM,SHM,Nanki-shirahama
SHP,SHP,Qinhuangdao
SHR,SHR,Sheridan
SHV,SHV,Shreveport Rgnl
SHW,SHW,Sharurah
SIC,SIC,Sinop
SID,ACL,Amilcar Cabral International
SIN,SIN,Singapore Changi
SIP,SIP,Simferopol
SIT,SIT,Sitka Rocky Gutierrez
SJC,SJC,Norman Y. Mineta San Jose International
SJD,SJD,Los Cabos International
SJJ,SJJ,Sarajevo
SJO,SJO,Juan Santamaria International
SJP,SJP,Sao Jose Do Rio Preto
SJT,SJT,San Angelo Rgnl Mathis Fld
SJU,SJU,Luis Munoz Marin International
SJW,SJW,Shijiazhuang Zhengding International
SKB,ROB,Basse Terre
SKE,SKE,Skien
SKG,SKG,Makedonia
SKN,SKN,Stokmarknes
SKO,SKO,Sadiq Abubakar Iii International
SKP,SKP,Skopje
SKT,SKT,Sialkot
SLA,SLA,Salta
SLC,SLC,Salt Lake City International
SLH,SLH,Sola
SLK,SLK,Saranac Lake
SLL,SLL,Salalah
SLM,SLM,Salamanca
SLP,SLP,Ponciano Arriaga International
SLU,CST,George F L Charles
SLV,SLV,Shimla
SLW,SLW,Plan De Guadalupe International
SLZ,SLZ,Marechal Cunha Machado
SMF,SMF,Sacramento
SMI,SMI,Samos
SMR,SMR,Santa Marta
SMX,SMX,Santa Maria Public
SNA,JOH,Santa Ana
SNN,SNN,Shannon
SNU,SNU,Santa Clara
SOC,SOC,Solo City
SOF,SOF,Sofia
SOG,SOG,Sogndal
SOJ,SOJ,Sorkjosen
SON,SON,Santo
SOQ,SOQ,Sorong
SOW,SOW,Show Low
SPC,SPC,Santa Cruz De La Palma
SPI,SPI,Abraham Lincoln Capital
SPN,SPN,Saipan International
SPS,SPS,Sheppard Afb Wichita Falls Muni
SPU,SPU,Split
SRG,SRG,Semarang
SRQ,SAR,Sarasota
SSA,SSA,Deputado Luis Eduardo Magalhaes
SSB,SSB,Christiansted
SSG,SSG,Malabo
SSH,SSH,Sharm El Sheikh
SSJ,SSJ,Sandnessjoen
SSR,SSR,Pentecost Island
SSX,SSX,Samsun
STI,STI,Santiago
STL,STL,Lambert St Louis International
STM,STM,Santarem
STN,LON,Stansted
STR,STR,Stuttgart
STS,STS,Santa Rosa
STT,STT,Cyril E King
STV,STV,Surat
STW,STW,Stavropol
STX,STX,St. Croix Island
SUB,SUB,Juanda
SUF,SUF,Lamezia
SUJ,SUJ,Satu Mare
SUN,SUN,Hailey
SUV,NAU,Nausori
SUX,SUX,Sioux City
SVC,SVC,Silver City
SVG,SVG,Stavanger Sola
SVO,MOW,Sheremetyevo
SVQ,SEV,Sevilla
SVX,YEK,Yekaterinburg
SWA,WAI,Shantou
SWF,SWF,Stewart International
SWJ,SWJ,Malekula Island
SXB,SXB,Entzheim
SXF,BER,Schonefeld
SXM,PLB,Princess Juliana International
SXR,SXR,Srinagar
SXZ,SXZ,Siirt
SYD,SYD,Kingsford Smith International
SYM,SYM,Simao
SYO,SYO,Shonai
SYR,SYR,Syracuse Hancock International
SYX,SYX,Sanya Phoenix International
SYZ,SYZ,Shiraz Shahid Dastghaib International
SZG,SZG,Salzburg
SZX,SZX,Baoan
SZZ,SZZ,Szczecin
TAB,SCA,Scarborough
TAC,TAC,Tacloban
TAE,DAE,Taegu
TAG,TAG,Tagbilaran
TAH,TAH,Tanna
TAK,TAK,Takamatsu
TAM,TAM,Tampico
TAO,TAO,Liuting
TAP,TAP,Tapachula
TAS,TAS,Yuzhny
TAT,TAT,Poprad
TAY,TAY,Tartu
TBB,TBB,Tuy Hoa
TBG,TBG,Tabubil
TBN,TBN,Fort Leonardwood
TBP,TBP,Pedro Canga
TBS,TBS,Tbilisi
TBU,TBU,Fua Amotu International
TBZ,TBZ,Tabriz International
TCB,TCB,Treasure Cay
TCO,TCO,Tumaco
TCQ,TCQ,Coronel Fap Carlos Ciriani Santa Rosa
TCR,TCR,Thoothukudi
TCZ,TCZ,Tengchong
TDX,TDX,Trat
TEE,TEE,Tebessa
TEN,TEN,Tongren
TEQ,TEQ,Çorlu
TER,LAJ,Lajes (terceira Island)
TEX,TEX,Telluride
TFN,TCI,Tenerife Norte
TFS,TCI,Tenerife Sur
TGD,TGD,Podgorica
TGG,TGG,Kuala Terengganu
TGH,TGH,Tongoa Island
TGM,TGM,Tirgu Mures
TGO,TGO,Tongliao
TGR,TGR,Touggourt
TGU,TGU,Toncontin International
TGZ,TGZ,Francisco Sarabia
THE,THE,Teresina
THG,THG,Biloela
THR,TEH,Teheran
THS,THS,Sukhothai
TIA,TIA,Tirana
TID,TID,Tiaret
TIF,TIF,Taif
TIJ,TIJ,General Abelardo L Rodriguez International
TIM,TIM,Timika
TIN,TIN,Tindouf
TIP,TIP,Tripoli International
TIR,TIR,Tirupeti
TIV,TIV,Tivat
TIZ,TIZ,Tari
TJH,TJH,Toyooka
TJK,TJK,Tokat
TJM,TJM,Tyumen
TJQ,TJQ,Tanjung Pandan
TJU,TJU,Kulyab
TKG,TKG,Bandar Lampung-Sumatra Island
TKK,TKK,Chuuk International
TKN,TKN,Tokunoshima
TKS,TKS,Tokushima
TKU,TKU,Turku
TLC,TLC,Toluca
TLH,TLH,Tallahassee Rgnl
TLL,TLL,Lennart Meri Tallinn
TLM,TLM,Tlemcen
TLN,HYE,Hyeres
TLS,TLS,Blagnac
TLV,TEL,Tel-aviv
TMC,TMC,Waikabubak-Sumba Island
TMP,TMP,Tampere Pirkkala
TMR,TMR,Tamanrasset
TMS,SOT,Sao Tome
TMW,TMW,Tamworth
TMX,TMX,Timimoun
TNA,TNA,Jinan Yaoqiang International
TNE,TNE,Tanegashima
TNG,TAN,Tanger
TNJ,TNJ,Tanjung Pinang
TNR,TNR,Antananarivo Ivato
TOE,TOE,Tozeur
TOF,TOF,Tomsk
TOH,TOH,Loh/Linua
TOL,TOL,Toledo Express
TOS,TOS,Tromso
TOY,TOY,Toyama
TPA,TPA,Tampa International
TPE,TPE,Taiwan Taoyuan International
TPP,TPP,Tarapoto
TPQ,TPQ,Tepic
TPS,TPS,Trapani
TRC,TRC,Torreon International
TRD,TRD,Trondheim Vaernes
TRF,TRF,Sandefjord
TRG,TRG,Tauranga
TRI,TRI,Tri-Cities Regional
TRK,TRK,Taraken
TRN,TUR,Torino
TRR,TRR,Trinciomalee
TRS,RON,Ronchi De Legionari
TRU,TRU,Capitan Carlos Martinez De Pinillos
TRV,TRV,Thiruvananthapuram International
TRW,TRW,Tarawa
TRZ,TRZ,Tiruchirappalli
TSA,TPE,Sungshan
TSE,TSE,Tselinograd
TSJ,TSJ,Tsushima
TSN,TSN,Binhai
TSR,TSR,Giarmata
TSV,TSV,Townsville
TTE,TTE,Ternate
TTJ,TTJ,Tottori
TTU,TTU,Tetouan
TUC,TUC,Tucuman
TUI,TUI,Turaif
TUL,TUL,Tulsa
TUN,TUN,Carthage
TUO,TUO,Taupo
TUP,TUP,Tupelo
TUS,TUS,Tucson International
TUU,TUU,Tabuk
TVC,TVC,Cherry Capital
TVF,TVF,Thief River Falls
TWF,TWF,Magic Valley Regional
TWU,TWU,Tawau
TXG,TXG,Taichung
TXK,TXK,Texarkana Rgnl Webb Fld
TXL,BER,Tegel
TXN,TXN,Huangshan
TYN,TYN,Wusu
TYR,TYR,Tyler Pounds Rgnl
TYS,TYS,Mc Ghee Tyson
TZX,TZX,Trabzon
UAQ,UAQ,San Julian
UBJ,UBJ,Yamaguchi Ube
UBP,UBP,Ubon Ratchathani
UDI,UDI,Uberlandia
UDR,UDR,Udaipur
UEO,UEO,Kumejima
UFA,UFA,Ufa
UGC,UGC,Urgench
UIH,UIH,Phucat
UIN,UIN,Quincy
UIO,UIO,Mariscal Sucre International
UIP,UIP,Quimper
UKB,UKB,Kobe
UKK,UKK,Ust Kamenogorsk
ULB,ULB,Ambryn Island
ULH,ULH,Al-Ula
ULN,ULN,Buyant Ukhaa
UME,UME,Umea
UNA,UNX,Una-Comandatuba
UNG,UNG,Kiunga
UPG,UPG,Ujung Pandang
URC,URC,Diwopu
URE,URE,Kuressaare
URT,URT,Surat Thani
URY,URY,Guriat
USH,USH,Ushuaia
USM,USM,Ko Samui
USN,USN,Ulsan
USQ,USQ,Usak
UTH,UTH,Udon Thani
UTN,UTN,Upington
UTP,UTP,Pattaya
UTT,UTT,Umtata
UUD,UUD,Ulan-ude
UUS,UUS,Khomutovo
UVF,UVF,Hewandorra
UYN,UYN,Yulin
VAA,VAA,Vaasa
VAD,VLD,Moody Afb
VAI,VAI,Vanimo
VAN,VAN,Van
VAR,VAR,Varna
VAS,VAS,Sivas
VAW,VAW,Vardø
VBS,VBS,Brescia
VBY,VBY,Visby
VCA,VCA,Can Tho
VCE,VCE,Marco Polo
VCL,VCL,Chu Lai
VCP,VCP,Campinas
VDB,VDB,Fagernes
VDH,VDH,Dong Hoi
VDM,VDM,Viedma
VDS,VDS,Vadso
VEL,VEL,Vernal Regional
VER,VER,General Heriberto Jara International
VFA,VFA,Victoria Falls
VGA,VGA,Vijayawada
VGO,VGO,Vigo
VIE,VIE,Schwechat
VII,VII,Vinh
VIJ,VIJ,Spanish Town
VIL,VIL,Dakhla
VIS,VIS,Visalia
VIT,VIT,Vitoria
VIX,VIX,Vitoria
VKG,VKG,Rach Gia
VKO,MOW,Vnukovo
VLC,VLC,Manises
VLI,VLI,Port Vila Bauerfield
VLL,VLL,Valladolid
VLN,VLN,Arturo Michelena International
VLS,VLS,Valesdir
VNO,VNO,Vilnius International
VNS,VNS,Varanasi
VOG,VOG,Volgograd
VOL,VOL,Nea Anghialos
VPS,VAL,Valparaiso
VQS,VQS,Antonio Rivera Rodríguez
VRA,VRA,Varadero
VRN,VLF,Villafranca
VSA,VSA,C P A Carlos Rovirosa International
VTE,VTE,Wattay International
VTZ,VTZ,Vishakhapatnam
VUP,VUP,Valledupar
VVI,SRZ,Viru Viru International
VVO,VVO,Knevichi
VVZ,VVZ,Illizi
VXE,VXE,Sao Vicente Island
WAG,WAG,Wanganui
WAW,WAW,Okecie
WBM,WBM,Wapenamanda
WDH,WDH,Windhoek Hosea Kutako International
WEF,WEF,Weifang
WEH,WEH,Weihai
WEI,WEI,Weipa
WGA,WGA,Wagga Wagga
WHK,WHK,Whakatane
WJU,WJU,Wonju
WKJ,WKJ,Wakkanai
WLG,WLG,Wellington International
WLH,WLH,Walaha
WNH,WNH,Wenshan
WNZ,WNZ,Wenzhou
WRE,WRE,Whangarei
WRG,WRG,Wrangell
WRL,WRL,Worland
WRO,WRO,Wroclaw
WUA,WUA,Wuhai
WUH,WUH,Tianhe
WUS,WUS,Wuyishan
WUX,WUX,Wuxi
WVB,WVB,Walvis Bay
WWK,WWK,Wewak
WXN,WXN,Wanxian
WYS,WYS,West Yellowstone
XAP,XAP,Chapeco
XCH,XCH,Christmas Island
XFN,XFN,Xiangfan
XIC,XIC,Xichang
XIL,XIL,Xilinhot
XIY,XIY,Xi'an
XMN,XMN,Gaoqi
XNA,XNA,Bentonville
XNN,XNN,Xining
XRY,XRY,Jerez
XUZ,XUZ,Xuzhou
YAK,YAK,Yakutat
YAM,SAU,Sault Sainte Marie
YAO,YAO,Yaounde
YAP,YAP,Yap International
YBC,YBC,Baie Comeau
YBG,YBG,Bagotville
YBP,YBP,Yibin
YCD,YCD,Nanaimo
YCG,YCG,Castlegar
YCU,YCU,Yuncheng
YDF,YDF,Deer Lake
YEG,YEA,Edmonton International
YFB,YFB,Iqaluit
YFC,YFC,Fredericton
YGJ,YGJ,Miho
YGK,YGK,Kingston
YGP,YGP,Gaspe
YGR,YGR,Iles De La Madeleine
YHY,YHY,Hay River
YHZ,YHZ,Halifax International
YIH,YIH,Yichang
YIN,YNC,Yining
YIW,YIW,Yiwu
YJT,YJT,Stephenville
YKA,YKA,Kamloops
YKF,YKF,Waterloo
YKM,YKM,Yakima Air Terminal
YKS,YKS,Yakutsk
YLW,YLW,Kelowna
YMM,YMM,Fort Mcmurray
YNB,YNB,Yenbo
YNJ,YNJ,Yanji
YNT,YNT,Laishan
YNZ,YNZ,Yancheng
YOL,YOL,Yola
YOW,YOW,Ottawa Macdonald Cartier International
YPR,YPR,Prince Rupert
YQB,YQB,Quebec Jean Lesage International
YQG,YQG,Windsor
YQL,YQL,Lethbridge
YQM,YQM,Greater Moncton International
YQR,YQR,Regina International
YQT,YQT,Thunder Bay
YQU,YQU,Grande Prairie
YQX,YQX,Gander
YQY,YQY,Sydney
YSB,YSB,Sudbury
YSJ,YSJ,St. John
YSM,YSM,Fort Smith
YTM,YTM,Mont-Tremblant
YTS,YTS,Timmins
YTZ,YYZ,Billy Bishop Toronto City
YUL,YMQ,Montreal International Dorval
YUM,YUM,Yuma
YUS,YUS,Yushu
YUY,YUY,Rouyn
YVO,YVO,Val d'Or
YVQ,YVQ,Norman Wells
YVR,YVR,Vancouver International
YWG,YWG,Winnipeg International
YWK,YWK,Wabush
YXC,YXC,Cranbrook
YXE,YXE,Saskatoon
YXH,YXH,Medicine Hat
YXJ,YXJ,Fort St John
YXS,YXS,Prince George
YXT,YXT,Terrace
YXU,YXU,London
YXY,YXY,Whitehorse International
YYB,YYB,North Bay
YYC,YYC,Calgary International
YYD,YYD,Smithers
YYF,YYF,Penticton
YYG,YYG,Charlottetown
YYJ,YYJ,Victoria International
YYR,YYR,Goose Bay
YYT,STJ,St. John's
YYY,YYY,Mont Joli
YYZ,YYZ,Lester B Pearson International
YZF,YZF,Yellowknife
YZP,YZP,Sandspit
YZR,YZR,Sarnia
YZV,YZV,Sept-iles
ZAD,ZAD,Zadar
ZAG,ZAG,Zagreb
ZAL,ZAL,Valdivia
ZAM,ZAM,Zamboanga
ZAT,ZAT,Zhaotong
ZAZ,ZAZ,Zaragoza Ab
ZBF,ZBF,Bathurst
ZCL,ZCL,General Leobardo C Ruiz International
ZCO,ZCO,Maquehue
ZGU,ZGU,Gaua Island
ZHA,ZHA,Zhanjiang
ZHY,ZHY,Zhongwei
ZIH,ZIH,Ixtapa Zihuatanejo International
ZLO,ZLO,Playa De Oro International
ZNE,ZNE,Newman
ZNZ,ZNZ,Zanzibar
ZOS,ZOS,Canal Bajo Carlos Hott Siebert
ZPC,ZPC,Pucon
ZQN,ZQN,Queenstown International
ZQW,ZQW,Zweibruecken
ZRH,ZRH,Zurich Kloten
ZSE,ZSE,St.-pierre
ZTH,ZTH,Zakynthos
ZUH,ZUH,Zhuhai
