code,country_code,name
AAE,DZ,Annaba
AAL,DK,Aalborg
AAN,AE,Al Ain
AAQ,RU,Anapa
AAR,DK,Aarhus
AAT,CN,Altay
ABA,RU,Abakan
ABD,IR,Abadan
ABE,US,Allentown
ABH,SA,Abha
ABI,US,Abilene
ABJ,CI,Abidjan
ABK,ET,Kabri Dehar
ABQ,US,Albuquerque
ABR,US,Aberdeen
ABS,EG,Abu Simbel
ABT,SA,Al Baha
ABV,NG,Abuja
ABX,AU,Albury
ABY,US,Albany
ABZ,GB,Aberdeen
ACA,MX,Acapulco
ACC,GH,Accra
ACE,ES,Las Palmas
ACH,CH,Altenrhein
ACK,US,Nantucket
ACL,CV,Amilcar Cabral
ACT,US,Waco
ACV,US,Arcata
ACX,CN,Xingyi
ADA,TR,Adana
ADD,ET,Addis Ababa
ADE,YE,Aden
ADF,TR,Adiyaman
ADK,US,Adak Island
ADL,AU,Adelaide
ADQ,US,Kodiak
ADZ,CO,San Andres Island
AEB,CN,Baise
AER,RU,Sochi
AES,NO,Alesund
AET,US,Allakaket
AEY,IS,Akureyri
AFA,AR,San Rafael
AGA,MA,Agadir
AGH,SE,Helsingborg
AGP,ES,Malaga
AGR,IN,Agra
AGS,US,Augusta
AGT,PY,Ciudad del Este
AGU,MX,Aguascalientes
AGV,VE,Acarigua
AGX,IN,Agatti Island
AHB,SA,Abha
AHO,IT,Alghero
AHT,US,Amchitka
AHU,MA,Al Hociema
AIA,US,Alliance
AIY,US,Atlantic City
AJA,FR,Ajaccio
AJF,SA,Al-Jawf
AJI,TR,Agri
AJL,IN,Aizwal
AJR,SE,Arvidsjaur
AJU,BR,Aracaju
AKA,CN,Ankang
AKI,US,Akiak
AKJ,JP,Asahikawa
AKL,NZ,Auckland
AKN,US,King Salmon
AKR,US,Akron
AKU,CN,Aksu
ALA,KZ,Alma-Ata
ALB,US,Albany
ALC,ES,Alicante
ALE,GR,Alexandroupolis
ALF,NO,Alta
ALG,DZ,Algiers
ALH,AU,Albany
ALO,US,Waterloo
ALP,SY,Aleppo
ALS,US,Alamosa
ALW,US,Walla Walla
AMA,US,Amarillo
AMD,IN,Ahmedabad
AMH,ET,Arba Minch
AMI,ID,Mataram
AMM,JO,Amman
AMQ,ID,Ambon
AMS,NL,Amsterdam
ANC,US,Anchorage
ANF,CL,Antofagasta
ANG,FR,Biarritz-bayonne
ANI,US,Aniak
ANK,TR,Ankara
ANR,BE,Antwerp
ANS,PE,Andahuaylas
ANT,GU,Agana
ANU,AG,Antigua
ANV,US,Anvik
AOE,TR,Eskissehir
AOI,IT,Ancona
AOJ,JP,Aomori
AOK,GR,Karpathos
AOO,US,Altoona
AOR,MY,Alor Setar
APF,US,Naples
APL,MZ,Nampula
APN,US,Alpena
APW,WS,Apia
AQG,CN,Anqing
AQI,SA,Hafr Al-batin
AQJ,JO,Aqaba
AQP,PE,Arequipa
ARC,US,Arctic Village
ARE,PR,Arecibo
ARI,CL,Arica
ARM,AU,Armidale
ARO,NO,Molde
ASB,TM,Ashkhabad
ASC,BO,Ascension
ASE,US,Aspen
ASF,RU,Astrakhan
ASJ,JP,Amami
ASM,ER,Asmara
ASO,ET,Asosa
ASP,AU,Alice Springs
ASR,TR,Kayseri
ASU,PY,Asuncion
ASW,EG,Aswan
ATH,GR,Athens
ATL,US,Atlanta
ATQ,IN,Amritsar
ATT,US,Atmautluak
ATW,US,Appleton
ATZ,EG,Asyut
AUA,AW,Aruba
AUH,AE,Abu Dhabi
AUS,US,Austin
AUW,US,Wausau
AUY,VU,Anelghowhat
AVA,CK,Avarua
AVI,ES,Aviles
AVL,US,Asheville
AVP,US,Scranton
AVV,AU,Avalon
AWD,VU,Aniwa
AXA,AI,The Valley
AXD,GR,Aleandroupolis
AXM,CO,Armenia
AXT,JP,Akita
AXU,ET,Axum
AYP,PE,Ayacucho
AYQ,AU,Uluru
AYT,TR,Antalya
AZA,US,Anguilla
AZO,US,Kalamazoo
AZR,DZ,Adrar
AZS,DO,Samana
BAB,PW,Babelthuap
BAG,IQ,Baghdad
BAH,BH,Bahrain
BAK,AZ,Baku
BAL,TR,Batman
BAN,BN,Bandar Seri Begawan
BAQ,CO,Barranquilla
BAR,US,Barnstable
BAS,FR,Basel
BAU,BR,Bauru
BAV,CN,Baotou
BAX,RU,Barnaul
BAY,RO,Baia Mare
BBA,CL,Balmaceda
BBI,IN,Bhubaneswar
BCD,PH,Bacolod
BCI,AU,Barcaldine
BCN,ES,Barcelona
BDA,BM,Bermuda
BDB,AU,Bundaberg
BDG,US,"Bundaberg, Blanding"
BDJ,ID,Banjarmasin
BDL,US,Bradley
BDO,ID,Bandung
BDQ,IN,Baroda
BDR,US,Bridgeport
BDS,IT,Brindisi
BDU,NO,Bardufoss
BEG,RS,Belgrade
BEL,BR,Belem
BEN,LY,Benghazi
BER,DE,Berlin
BES,FR,Brest
BET,US,Bethel
BEW,MZ,Beira
BEY,LB,Beirut
BFF,US,Scottsbluff
BFL,US,Bakersfield
BFN,ZA,Bloemfontein
BFS,GB,Belfast
BGA,CO,Bucaramanga
BGF,CF,Bangui
BGG,TR,Bingol
BGI,BB,Barbados
BGM,US,Binghamton
BGO,NO,Bergen
BGR,US,Bangor
BGW,IQ,"Baghdad, Al Muthana"
BGY,IT,Bergamo
BHB,US,Bar Harbor
BHE,NZ,Woodbourne
BHH,SA,Bisha
BHI,AR,Bahia Blanca
BHJ,IN,Bhuj
BHM,US,Birmingham
BHO,IN,Bhopal
BHU,IN,Bhaunagar
BHX,GB,Birmingham
BHY,CN,Beihai
BHZ,BR,Belo Horizonte
BIA,FR,Bastia
BIK,ID,Biak
BIL,US,Billings
BIM,BS,Alice Town
BIO,ES,Bilbao
BIQ,FR,Biarritz
BIS,US,Bismarck
BJA,DZ,Bejaja
BJF,NO,Batsfjord
BJI,US,Bemidji
BJL,GM,Banjul
BJM,BI,Bujumbura
BJR,ET,Bahar Dar
BJS,CN,Beijing
BJV,TR,Bodrum
BJX,MX,Del Bajio
BJZ,ES,Badajoz
BKI,MY,Kota Kinabalu
BKK,TH,Bangkok
BKO,ML,Bamako
BKQ,AU,Blackall
BKS,ID,Bengkulu
BKW,US,Beckley
BLA,VE,Barcelona
BLI,US,Bellingham
BLJ,DZ,Batna
BLL,DK,Billund
BLQ,IT,Bologna
BLR,IN,Bangalore
BLT,AU,Blackwater
BLZ,MW,Blantyre
BME,AU,Broome
BMI,US,Bloomington
BMU,ID,Bima
BMV,VN,Buonmethuot
BMW,DZ,Bordj Badji Mokhtar
BNA,US,Nashville
BND,IR,Bandar Abbas
BNE,AU,Brisbane
BNI,NG,Benin
BNK,AU,Ballina Byron Bay
BNN,NO,Bronnoysund
BNS,VE,Barinas
BNX,BA,Banja Luka
BOD,FR,Bordeaux
BOG,CO,Bogota
BOH,GB,Bournemouth
BOI,US,Boise
BOJ,BG,Bourgas
BOM,IN,Bombay
BON,BQ,Bonaire
BOO,NO,Bodo
BOS,US,Boston
BPN,ID,Balikpapan
BPS,BR,Porto Seguro
BPT,US,Beaumont
BPX,CN,Bangda
BQB,AU,Brusselton
BQK,US,Brunswick
BQN,PR,Aguadilla
BRC,AR,San Carlos De Bariloche
BRD,US,Brainerd
BRE,DE,Bremen
BRI,IT,Bari
BRM,VE,Barquisimeto
BRN,CH,Bern
BRO,US,Brownsville
BRS,GB,Bristol
BRU,BE,Brussels
BRW,US,Barrow
BSB,BR,Brasilia
BSD,CN,Baoshan
BSG,GQ,Bata
BSK,DZ,Biskra
BSL,FR,Basle
BSR,IQ,Basrah
BTH,ID,Batam
BTJ,ID,Banda Aceh
BTK,RU,Bratsk
BTL,US,Battle Creek
BTM,US,Butte
BTR,US,Baton Rouge
BTS,SK,Bratislava
BTT,US,Bettles
BTU,MY,Bintulu
BTV,US,Burlington
BTZ,TR,Bursa
BUA,PG,Buka Island
BUD,HU,Budapest
BUE,AR,Buenos Aires
BUF,US,Buffalo
BUH,RO,Bucharest
BUQ,ZW,Bulawayo
BUR,US,Burbank
BUS,GE,Batumi
BUZ,IR,Bushehr
BVB,BR,Boa Vista
BVC,CV,Boa Vista
BVG,NO,Berlevag
BWE,DE,Braunschweig
BWI,US,Baltimore
BWK,HR,Brac
BWN,BN,Bandar Seri Bagawan
BXO,CH,Bissau
BXU,PH,Butuan
BZE,BZ,Belize
BZG,PL,Bydgoszcz
BZI,TR,Balikesir
BZN,US,Bozeman
BZV,CG,Brazzaville
CAE,US,Columbia
CAG,IT,Cagliari
CAI,EG,Cairo
CAJ,VE,Canaima
CAK,US,Akron/Canton
CAN,CN,Guangzhou
CAS,PF,Casablanca
CAY,GF,Cayenne
CAZ,AU,Cobar
CBB,BO,Cochabamba
CBH,DZ,Béchar
CBO,PH,Cotabato
CBQ,NG,Calabar
CBR,AU,Canberra
CCC,CU,Cayo Coco
CCJ,IN,Calicut
CCK,AU,Cocos Keeling Island
CCP,CL,Concepcion
CCS,VE,Caracas
CCU,IN,Calcutta
CCV,VU,Craig Cove
CDB,US,Cold Bay
CDC,US,Cedar City
CDR,US,Chadron
CDV,US,Cordova
CEB,PH,Cebu
CEC,US,Crescent City
CED,US,Cedar Rapids
CEI,TH,Chiang Rai
CEK,RU,Chelyabinsk
CEN,MX,Ciudad Obregon
CEZ,US,Cortez
CFE,FR,Clermont-Ferrand
CFG,CU,Cienfuegos
CFR,FR,Caen
CFS,AU,Coff's Harbour
CFU,GR,Kerkyra/corfu
CGB,BR,Cuiaba
CGD,CN,Changde
CGI,US,Cape Girardeau
CGN,DE,Cologne
CGO,CN,Zhengzhou
CGP,BD,Chittagong
CGQ,CN,Changchun
CGR,BR,Campo Grande
CGY,PH,Ladag
CHA,US,Chattanooga
CHC,NZ,Christchurch
CHE,GY,Georgetown
CHH,PE,Chachapoyas
CHI,US,Chicago
CHO,US,Charlottesville VA
CHQ,GR,Chania
CHS,US,Charleston
CHU,US,Chuathbaluk
CIC,US,Chico
CID,US,Cedar Rapids / Iowa City
CIF,CN,Chifeng
CIH,CN,Changzhi
CIK,US,Chalkyits
CIU,US,Sault Ste Marie
CIX,PE,Chiclayo
CJA,PE,Cajamarca
CJB,IN,Coimbatore
CJC,CL,Calama
CJJ,KR,Chongju
CJS,MX,Ciudad Juarez
CJU,KR,Cheju
CKB,US,Clarksburg
CKD,US,Crokked Creek
CKG,CN,Chongqing
CKY,GN,Conakry
CKZ,TR,Canakkale
CLE,US,Cleveland
CLJ,RO,Cluj-napoca
CLL,US,College Station
CLO,CO,Cali
CLQ,MX,Colima
CLT,US,Charlotte
CLY,FR,Calvi
CMB,LK,Colombo
CME,MX,Ciudad Del Carmen
CMF,FR,Chambery
CMH,US,Columbus
CMI,US,Champaign
CMN,MA,Casablanca
CMW,CU,Camaguey
CMX,US,Hancock
CND,RO,Constanta
CNJ,AU,Cloncurry
CNM,US,Carlsbad
CNQ,AR,Corrientes
CNS,AU,Cairns
CNX,TH,Chiang Mai
CNY,US,Moab
COD,US,Cody
COK,IN,Cochin
CON,GH,Conakry
COO,BJ,Cotonou
COR,AR,Cordoba
COS,US,Colorado Springs
COU,US,Columbia
CPE,MX,Campeche
CPH,DK,Copenhagen
CPO,CL,Copiapo
CPR,US,Casper
CPT,ZA,Cape Town
CPV,BR,Campina Grande
CPX,PR,Culebra
CRD,AR,Comodoro Rivadavia
CRK,PH,Angeles City
CRP,US,Corpus Christi
CRU,BR,Cruzeiro do Sul
CRV,IT,Crotone
CSG,US,Columbus
CST,LC,Castries
CSX,CN,Changsha
CTA,IT,Catania
CTC,AR,Catamarca
CTG,CO,Cartagena
CTL,AU,Charlieville
CTM,MX,Chetumal
CTU,CN,Chengdu
CUC,CO,Cucuta
CUE,EC,Cuenca
CUL,MX,Culiacan
CUM,VE,Cumana
CUN,MX,Cancun
CUP,VE,Carupano
CUR,CW,Curacao
CUU,MX,Chihuahua
CUZ,PE,Cuzco
CVG,US,Cincinnati
CVM,MX,Ciudad Victoria
CVN,US,Clovis
CWA,US,Wassau
CWB,BR,Curitiba
CWL,GB,Cardiff
CXI,KI,Kiritimati
CXJ,BR,Caxias Do Sul
CXR,VN,Nha Trang
CYF,US,Chefornak
CYO,CU,Cayo Largo del Sur
CYS,US,Cheyenne
CZA,MX,Chichenitza
CZE,VE,Coro
CZL,DZ,Constantine
CZM,MX,Cozumel
CZS,BR,Cruzeiro Do Sul
CZX,CN,Changzhou
DAB,US,Daytona Beach
DAC,BD,Dhaka
DAD,VN,Danang
DAE,KR,Taegu
DAL,US,Dallas
DAM,SY,Damascus
DAR,TZ,Dar Es Salaam
DAT,CN,Datong
DAX,CN,Dazhou
DAY,US,Dayton
DBO,AU,Dubbo
DBQ,US,Dubuque IA
DBV,HR,Dubrovnik
DDC,US,Dodge City
DDG,CN,Dandong
DEA,US,Deadhorse
DEC,US,Decatur
DED,IN,Dehra Dun
DEL,IN,Delhi
DEN,US,Denver
DFW,US,Dallas/Ft. Worth
DGE,AU,Mudgee
DGO,MX,Durango
DGT,PH,Dumaguete
DHA,SA,Dhahran
DHM,IN,Kangra
DHN,US,Dothan
DIB,IN,Dibrugarh
DIG,CN,Shangri-La
DIK,US,Dickinson
DIL,TL,Dili
DIN,VN,Dienbienphu
DIR,ET,Dire Dawa
DIW,LK,Dickwella
DIY,TR,Diyabakir
DJB,ID,Jambi
DJE,TN,Djerba
DJG,DZ,Djanet
DJJ,ID,Jayapura
DKR,SN,Dakar
DLA,CM,Douala
DLC,CN,Dalian
DLG,US,Dillingham
DLH,US,Duluth
DLI,VN,Dalat
DLM,TR,Dalaman
DLU,CN,Dali
DLY,VU,Dillon's Bay
DMM,SA,Dammam
DMU,IN,Dimapur
DNK,UA,Dnepropetrovsk
DNV,US,Danville
DNZ,TR,Denizli
DOH,QA,Doha
DOK,UA,Donetsk
DOL,FR,Deauville
DOM,DM,Dominica
DOY,CN,Dongying
DPL,PH,Dipolog
DPS,ID,Denpasar
DRO,US,Durango
DRS,DE,Dresden
DRT,US,Del Rio
DRW,AU,Darwin
DSM,US,Des Moines
DSN,CN,Dongsheng
DTA,US,Delta
DTM,DE,Dortmund
DTT,US,Detroit
DUB,IE,Dublin
DUD,NZ,Dunedin
DUE,DE,Duesseldorf
DUR,ZA,Durban
DUS,DE,Dusseldorf
DUT,US,Dutch Harbor
DVL,US,Devils Lake
DVO,PH,Davao
DVP,AU,Diamantina Lakes
DWD,SA,Dawadmi
DXB,AE,Dubai
DYG,CN,Dayong
DYU,TJ,Dushanbe
DZA,YT,Dzaoudzi
EAE,VU,Sangafa
EAM,SA,Nejran
EAR,US,Kearney
EAS,ES,San Sebastian
EAT,US,Wenatchee
EAU,US,Eau Claire
EBB,UG,Entebbe
EBL,IQ,Erbil
ECF,FR,Route d'Agen
ECN,CY,Ercan
EDI,GB,Edinburgh
EEK,US,Eek
EGE,US,Vail
EGS,IS,Egilsstadir
EIN,NL,Eindhoven
EIS,VG,"Beef Island, Tortola"
EJA,CO,Barrancabermeja
EJH,SA,Wejh
EKO,US,Elko
ELC,AU,Elcho Island
ELH,BS,North Eleuthera
ELM,US,Elmira
ELP,US,El Paso
ELQ,SA,Gassim
ELS,ZA,East London
ELU,DZ,Guemar
ELY,US,Ely
EMA,GB,East Midlands
EMD,AU,Emerald
ENA,US,Kenai
ENC,FR,Nancy
ENE,ID,Ende
ENH,CN,Enshi
ENS,NL,Enschede
ENU,NG,Enugu
ENY,CN,Yan'an
EPR,AU,Esperance
EQS,AR,Esquel
ERC,TR,Erzincan
ERF,DE,Erfurt
ERI,US,Erie
ERZ,TR,Erzurum
ESF,US,Alexandria
ESK,TR,Eskisehir
ESR,CL,El Salvador
ESU,MA,Essadouira
ETH,IL,Elat
ETZ,FR,Metz
EUG,US,Eugene
EUN,DZ,El Aaiún
EVE,NO,Evenes
EVN,AM,Erevan
EVV,US,Evansville
EWB,US,"Fall River, New Bedford"
EWN,US,New Bern
EWR,US,Newark
EXM,AU,Exmouth
EXT,GB,Exeter
EYW,US,Key West
EZS,TR,Elazig
FAE,FO,Vagar
FAI,US,Fairbanks
FAO,PT,Faro
FAR,US,Fargo
FAT,US,Fresno
FAY,US,Fayetteville
FBM,CD,Lubumbashi
FCA,US,Kalispell
FDE,NO,Forde
FDF,MQ,Ft de France
FDH,DE,Friedrichshafen
FEN,BR,Fernando Do Noronha
FES,MA,Fes
FEZ,MA,Fez
FIH,CD,Kinshasa
FIL,US,Fillmore
FIN,LU,Luxemburg
FJR,AE,Al Fujairah
FKB,DE,Karlsruhe/Baden-Baden
FKI,CD,Kisangani
FKS,JP,Fukushima
FLA,CO,Florencia
FLG,US,Flagstaff
FLL,US,Fort Lauderdale
FLN,BR,Florianopolis
FLR,IT,Florence
FMA,AR,Formosa
FMM,DE,Memmingen
FMN,US,Farmington
FMO,DE,Munster
FMY,US,Fort Myers
FNA,SL,Freetown
FNC,PT,Funchal
FNI,FR,Nimes
FNJ,KP,Pyongyang
FNT,US,Flint
FOC,CN,Fuzhou
FOD,US,Fort Dodge
FOR,BR,Fortaleza
FOZ,BR,Foz Do Iguacu
FPO,BS,Freeport
FPR,US,Fort Pierce
FRA,DE,Frankfurt
FRO,NO,Floro
FRS,GT,Flores
FRU,KG,Bishkek
FSC,FR,Figari
FSD,US,Sioux Falls
FSM,US,Fort Smith
FSZ,JP,Shizuoka
FTA,VU,Futuna Island
FTE,AR,El Calafate
FUE,ES,Fuerteventura
FUG,CN,Fuyang
FUK,JP,Fukuoka
FUN,TV,Funafuti
FUO,CN,Foshan
FWA,US,Fort Wayne
FYU,US,Fort Yukon
FYV,US,Fayetteville
GAI,US,Gainesville
GAJ,JP,Yamagata
GAL,US,Galena
GAU,IN,Gauhati
GAY,IN,Gaya
GBE,BW,Gaberone
GCC,US,Gillette
GCI,GG,Guernsey
GCK,US,Garden City
GCM,KY,Grand Cayman
GDE,ET,Gode
GDL,MX,Guadalajara
GDN,PL,Gdansk
GDQ,ET,Gondar
GDT,TC,Grand Turk
GDX,RU,Magadan
GDZ,RU,Gelendzik
GEG,US,Spokane
GEN,MX,La Paz
GEO,KY,Georgetown
GES,PH,General Santos City
GET,AU,Geraldton
GFK,US,Grand Forks
GGG,US,Longview
GGT,BS,Great Exuma
GHA,DZ,Ghardaia
GHB,BS,Governor's Harbor
GIB,GI,Gibraltar
GIG,BR,Rio De Janeiro
GIM,KR,Busan
GIS,NZ,Gisborne
GIU,LK,Sigiriya
GIZ,SA,Gizan
GJL,DZ,Jijel
GJT,US,Grand Junction
GKA,PG,Goroka
GLA,GB,Glasgow
GLH,US,Greenville
GLT,AU,Gladstone
GMA,CD,Gemena
GMB,ET,Gambella
GNB,FR,Grenoble
GND,GD,Grenada
GNU,US,Goodnew Bay
GNV,US,Gainesvile
GNY,TR,Sanliurfa
GOA,IT,Genoa
GOI,IN,Goa
GOJ,RU,Nizhniy Novgorod
GOM,CD,Goma
GOQ,CN,Golmud
GOT,SE,Gothenburg
GOU,CM,Garoua
GOV,AU,Gove
GPA,GR,Patras
GPS,EC,Galapagos
GPT,US,Gulfport
GRA,BB,Bridgetown
GRB,US,Green Bay
GRI,US,Grand Island
GRJ,ZA,George
GRO,ES,Gerona
GRQ,NL,Groningen
GRR,US,Grand Rapids
GRX,ES,Granada
GRZ,AT,Graz
GSO,US,Greensboro
GSP,US,Greenville
GSQ,EG,Sharq Al-Owainat
GST,US,Gustavus
GTE,AU,Groote Eylandt
GTF,US,Great Falls
GTO,ID,Gorontalo
GTR,US,Columbus Mississippi
GUA,GT,Guatemala City
GUC,US,Gunnison
GUM,GU,Guam
GUR,PG,Gurney
GUW,IN,Guwahati
GVA,CH,Geneva
GWL,IN,Gwalior
GWT,DE,Westerland
GXQ,CL,Coyhaique
GYE,EC,Guayaquil
GYM,MX,Guaymas
GYN,BR,Goiania
GYS,CN,Guangyuan
GZT,TR,Gaziantep
HAA,NO,Hasvik
HAC,JP,Hachijojima
HAG,DE,Hagen
HAJ,DE,Hanover
HAK,CN,Haikou
HAM,DE,Hamburg
HAN,VN,Hanoi
HAR,US,Harrisburg
HAS,SA,Hail
HAU,NO,Haugesund
HAV,CU,Havana
HBA,AU,Hobart
HBE,EG,Alexandria
HBX,IN,Hubli
HCR,US,Holy Cross
HDF,DE,Heringsdorf
HDN,US,Hayden
HDS,ZA,Hoedspruit
HDY,TH,Hat Yai
HEK,CN,Heihe
HEL,FI,Helsinki
HER,GR,Heraklion
HET,CN,Hohhot
HFD,US,Hartford
HFE,CN,Hefei
HFT,NO,Hammerfest
HGH,CN,Hangzhou
HGO,CI,Korhogo
HGU,PG,Mount Hagen
HHH,US,Hilton Head
HIA,CN,Huai An
HIB,US,Chisholm
HID,AU,Horn Island
HIJ,JP,Hiroshima
HIN,KR,Sacheon
HIR,SB,Honiara
HJJ,CN,Zhijiang
HJR,IN,Khajuraho
HKD,JP,Hakodate
HKG,CN,Hong Kong
HKN,PG,Hoskins
HKT,TH,Phuket
HLD,CN,Hailar
HLH,CN,Ulanhot
HLN,US,Helena
HLZ,NZ,Hamilton
HMB,EG,Sohag
HME,DZ,Hassi Messaoud
HMI,CN,Hami
HMO,MX,Hermosillo
HNA,JP,Hanamaki
HNL,US,Honolulu
HOB,US,Hobbs
HOF,SA,Al-ahsa
HOG,CU,Holguin
HOM,US,Homer
HON,HK,Hong Kong
HOR,PT,Horta
HOU,US,Houston
HOV,NO,Orsta-Volda
HPB,US,Hooper Bay
HPH,VN,Haiphong
HPN,US,Westchester
HRB,CN,Harbin
HRE,ZW,Harare
HRG,EG,Hurghada
HRI,LK,Mattala
HRK,UA,Kharkov
HRL,US,Harlingen
HSG,JP,Saga
HSL,US,Huslia
HSN,CN,Zhoushan
HSV,US,Huntsville
HTA,RU,Chita
HTI,AU,Hamilton Island
HTN,CN,Hotan
HTS,US,"Ashland, Huntington"
HTY,TR,Hatay
HUA,CN,Changcha
HUE,ET,Humera
HUI,VN,Hue
HUL,TW,Hualien
HUN,US,Huntington
HUR,US,Huron
HUS,US,Hughes
HUT,MX,Huatulco
HUX,MX,Sta Cruz Huat
HUY,GB,Humberside
HVB,AU,Hervey Bay
HVG,NO,Honningsvag
HVN,US,New Haven
HYA,US,Hyannis
HYD,IN,Hyderabad
HYE,FR,Hyeres
HYN,CN,Huangyan
HYS,US,Hays
HZH,CN,Liping
IAG,US,Niagara Falls
IAM,DZ,Zarzaitine
IAS,RO,Iasi
IBA,NG,Ibadan
IBE,CO,Ibague
IBR,JP,Ibaraki
IBZ,ES,Ibiza
ICT,US,Wichita
IDA,US,Idaho Falls
IDR,IN,Indore
IEV,UA,Kiev
IFJ,IS,Isafjordur
IFN,IR,Isfahan
IGD,TR,Igdir
IGM,US,Kingman
IGR,AR,Iguazu Falls
IGU,BR,Iguassu Falls
IKT,RU,Irkutsk
ILD,ES,Lleida
ILE,US,Killeen
ILI,US,Iliamna
ILM,US,Wilmington
ILO,PH,Iloilo
ILR,NG,Ilorin
ILZ,SK,Žilina
IMF,IN,Imphal
IMP,BR,Imperatriz
IMT,US,Iron Mountain
INC,CN,Yinchuang
IND,US,Indianapolis
INI,RS,Nis
INL,US,International Falls
INN,AT,Innsbruck
INV,GB,Inverness
INZ,DZ,In Salah
IOS,BR,Ilheus
IPA,VU,Ipota
IPC,CL,Easter Island
IPH,MY,Ipoh
IPL,US,Imperial
IPT,US,Williamsport
IQQ,CL,Iquique
IQT,PE,Iquitos
IRJ,AR,La Rioja
IRK,US,Kirksville
IRP,CD,Isiro
ISA,AU,Mount Isa
ISB,PK,Islamabad
ISC,GB,"Isles of Scilly, St. Mary's"
ISE,TR,Isparta
ISG,JP,Ishigaki
ISL,US,Islip
ISN,US,Williston
ISP,US,"Islip, Long Island Macarthur"
IST,TR,Istanbul
ISU,IQ,Sulaymaniyah
ITH,US,Ithaca
ITO,US,Hilo
IUE,NZ,Alofi
IVC,NZ,Invercargill
IVL,FI,Ivalo
IWD,US,Ironwood
IWJ,JP,Iwami
IXA,IN,Agartala
IXB,IN,Baghdogra
IXC,IN,Chandigarh
IXD,IN,Allahabad
IXE,IN,Mangalore
IXJ,IN,Jammu
IXL,IN,Leh
IXM,IN,Madurai
IXR,IN,Ranchi
IXS,IN,Silchar
IXU,IN,Aurangabad
IXY,IN,Kandla
IXZ,IN,Port Blair
IYK,US,Inyokern
IZM,TR,Izmir
IZO,JP,Izumo
JAC,US,Jackson
JAI,IN,Jaipur
JAL,MX,Jalapa
JAN,US,Jackson
JAX,US,Jacksonville
JDH,IN,Jodhpur
JDO,BR,Juazeiro Do Norte
JDZ,CN,Jingdezhen
JED,SA,Jeddah
JER,JE,Jersey
JGA,IN,Jamnagar
JGN,CN,Jiayuguan
JGS,CN,Ji An
JHB,MY,Johor Bahru
JHG,CN,Jinghong
JHM,US,Lahania-kapalua
JIB,DJ,Djibouti
JIJ,ET,Jijiga
JIM,ET,Jimma
JIU,CN,Jiujiang
JJI,PE,Juanjui
JJN,CN,Quanzhou
JKG,SE,Jonkoping
JKH,GR,Chios
JKT,ID,Jakarta
JLN,US,Joplin
JLR,IN,Jabalpur
JMK,GR,Mykonos
JMS,US,Jamestown
JMU,CN,Jiamusi
JNB,ZA,Johannesburg
JNG,CN,Jining
JNU,US,Juneau
JNZ,CN,Jinzhou
JOE,FI,Joensuu
JOG,ID,Yogyakarta
JOH,US,Santa Ana
JOI,BR,Joinville
JON,UM,Johnston Island
JOS,NG,Jos
JPA,BR,Joao Pessoa
JRO,TZ,Kilimanjaro
JSH,GR,Sitia
JSI,GR,Skiathos
JST,US,Johnstown
JTR,GR,Thira
JUB,SS,Juba
JUJ,AR,Jujuy
JUL,PE,Juliaca
JUZ,CN,Quzhou
JVL,US,Janesville
JYV,FI,Jyvaskyla
JZH,CN,Jiuzhaigou
KAD,NG,Kaduna
KAL,US,Kaltag
KAN,NG,Kano
KAO,FI,Kuusamo
KBL,AF,Kabul
KBR,MY,Kota Bahru
KBV,TH,Krabi
KCA,CN,Kuqa
KCH,MY,Kuching
KCL,US,Chignik
KCM,TR,Kahramanmaras
KCT,LK,Koggala
KCZ,JP,Kochi
KDI,ID,Kendari
KEF,IS,Keflavik
KEJ,RU,Kemorovo
KER,IR,Kerman
KFP,US,False Pass
KGA,CD,Kananga
KGD,RU,Kaliningrad
KGF,KZ,Karaganda
KGI,AU,Kalgoorlie
KGL,RW,Kigali
KGS,GR,Kos
KGX,US,Grayling
KHG,CN,Kashi
KHH,TW,Kaohsiung
KHI,PK,Karachi
KHN,CN,Nanchang
KHS,OM,Khasab
KHV,RU,Khabarovsk
KIB,US,Ivanoff Bay
KIJ,JP,Niigata
KIM,ZA,Kimberley
KIN,JM,Kingston
KIS,KE,Kisumu
KIV,MD,Chisinau
KJA,RU,Krasnoyarsk
KKC,TH,Khon Kaen
KKE,NZ,Kerikeri
KKH,US,Kongiganak
KKJ,JP,Kitakyushu
KKN,NO,Kirkenes
KKX,JP,Kikai
KLG,US,Kalskag
KLO,PH,Kalibo
KLR,SE,Kalkmar
KLU,AT,Klagenfurt
KLV,CZ,Karlovy Vary
KLX,GR,Kalamata
KMG,CN,Kunming
KMI,JP,Miyazaki
KMJ,JP,Kumamoto
KMQ,JP,Komatsu
KNB,US,Kanab
KND,CD,Kindu
KNU,IN,Kanpur
KNX,AU,Kununurra
KOA,US,Kona
KOC,IN,Kochi
KOE,ID,Kupang
KOJ,JP,Kagoshima
KOL,IN,Kolkata
KOM,JP,Kanazawa
KOW,CN,Ganzhou
KPN,US,Kipnuk
KPO,KR,Pohang
KPV,US,Perryville
KRA,BQ,Kralendijk
KRK,PL,Krakow
KRL,CN,Korla
KRN,SE,Kiruna
KRP,DK,Karup
KRR,RU,Krasnodar
KRS,NO,Kristiansand
KRT,SD,Khartoum
KRY,CN,Karamay
KSA,FM,Kosrae
KSC,SK,Kosice
KSF,DE,Kassel
KSH,IR,Bakhtaran
KSM,US,St. Mary's
KSU,NO,Kristiansund
KSY,TR,Kars
KTA,AU,Karratha
KTM,NP,Kathmandu
KTN,US,Ketchikan
KTT,FI,Kittila
KTW,PL,Katowice
KUA,MY,Kuantan
KUF,RU,Samara
KUH,JP,Kushiro
KUK,US,Kasigluk
KUL,MY,Kuala Lumpur
KUM,JP,Yakushima
KUN,LT,Kaunas
KUO,FI,Kuopio
KUT,GE,Kutaisi
KUU,IN,Kulu
KUV,KR,Kunsan
KVA,GR,Kavala
KVC,US,King Cover
KVD,AZ,Ganja
KVG,PG,Kavieng
KWA,MH,Kwajalein
KWE,CN,Guiyang
KWI,KW,Kuwait
KWJ,KR,Kwangju
KWK,US,Kwigillingok
KWL,CN,Guilin
KWN,US,Quinhagak
KWT,US,Kwethluk
KYA,TR,Konya
KYU,US,Koyukuk
KZN,RU,Kazan
KZR,TR,Kutahya
LAD,AO,Luanda
LAE,PG,Lae
LAJ,PT,Lajes (terceira Island)
LAN,US,Lansing
LAO,PH,Laoag
LAP,MX,La Paz Mex
LAS,US,Las Vegas
LAW,US,Lawton
LAX,US,Los Angeles
LBA,GB,Leeds
LBB,US,Lubbock
LBD,TJ,Khudzhand
LBF,US,North Platte
LBJ,ID,Labuhan Bajo
LBL,US,Liberal
LBU,MY,Labuan
LBV,GA,Libreville
LCA,CY,Larnaca
LCE,HN,La Ceiba
LCG,ES,La Coruna
LCH,US,Lake Charles
LCX,CN,Longyan
LDB,BR,Londrina
LDE,FR,Lourdes/Tarbes
LDH,AU,Lord Howe Island
LDU,MY,Lahad Datu
LEB,US,White River
LED,RU,St. Petersburg
LEH,FR,Le Havre
LEI,ES,Almeria
LEJ,DE,Leipzig
LEL,MQ,Fort-de-france
LEN,ES,Leon
LER,AU,Leinster
LEX,US,Lexington KY
LFT,US,Lafayette
LFW,TG,Lome
LGB,US,Long Beach
LGG,BE,Liege
LGK,MY,Langkawi
LGP,PH,Legazpi
LHE,PK,Lahore
LHW,CN,Lanzhou
LIG,FR,Limoges
LIH,US,Kauai
LIL,FR,Lille
LIM,PE,Lima
LIR,CR,Liberia
LIS,PT,Lisbon
LIT,US,Little Rock
LJG,CN,Lijiang
LJU,SI,Ljubljana
LKL,NO,Lakselv
LKN,NO,Leknes
LKO,IN,Lucknow
LLA,SE,Lulea
LLI,ET,Lalibella
LLW,MW,Lilongwe
LMM,MX,Los Mochis
LMP,IT,Lampedusa
LMT,US,Klamath Falls
LNB,VU,Lamen Bay
LNE,VU,Lonorore
LNJ,CN,Lincang
LNK,US,Lincoln
LNV,PG,Londolovit
LNY,US,Lanai
LNZ,AT,Linz
LOB,CL,Lobito
LOD,VU,Longana
LON,GB,London
LOO,DZ,Laghouat
LOP,ID,Praya
LOS,NG,Lagos
LPA,ES,Gran Canaria
LPB,BO,La Paz
LPI,SE,Linkoeping
LPL,GB,Liverpool
LPM,VU,Lamap
LPP,FI,Lappeenranta
LPQ,LA,Luang Prabang
LPT,TH,Lampang
LRD,US,Laredo
LRE,AU,Longreach
LRM,DO,La Romana
LRT,FR,Lorient
LSC,CL,La Serena
LSE,US,La Crosse
LSP,VE,Las Piedras
LST,AU,Launceston
LTO,MX,Loreto
LUB,GY,Lumid Pau
LUD,NA,Ludwigshafen
LUG,CH,Lugano
LUH,IN,Ludhiaha
LUM,CN,Luxi
LUN,ZM,Lusaka
LUQ,AR,San Luis
LUX,LU,Luxembourg
LVI,ZM,Livingstone
LWB,US,Lewisburg
LWO,UA,Lvov
LWS,US,Lewiston
LXA,CN,Lhasa
LXR,EG,Luxor
LYA,CN,Luoyang
LYG,CN,Lianyungang
LYH,US,Lynchburg
LYI,CN,Linyi
LYR,NO,Svalbard
LYS,FR,Lyon
LZC,MX,Lazard Cardenas
LZH,CN,Liuzhou
LZO,CN,Luzhou
LZY,CN,Nyingchi
MAA,IN,Madras
MAB,BR,Maraba
MAD,ES,Madrid
MAF,US,Midland
MAG,PG,Madang
MAH,ES,Menorca
MAJ,MH,Majuro
MAK,SD,Malakal
MAL,ID,Malongo
MAM,MX,Matamoros
MAN,GB,Manchester
MAO,BR,Manaus
MAR,VE,Maracaibo
MAS,PG,Momote
MAZ,PR,Mayaguez
MBA,KE,Mombasa
MBE,JP,Monbetsu
MBJ,JM,Montego Bay
MBS,US,Bay City/Saginaw
MBX,SI,Maribor
MCA,US,Mcallen
MCE,US,Merced
MCG,US,Mc Grath
MCK,US,McCook
MCN,US,Macon
MCO,US,Orlando
MCP,BR,Macapa
MCT,OM,Muscat
MCV,AU,McArthur River Mine
MCW,US,Mason City
MCY,AU,Maroochydore
MCZ,BR,Maceio
MDC,ID,Manado
MDE,CO,Medellin
MDG,CN,Mudanjiang
MDI,NG,Makurdi
MDK,CD,Mbandaka
MDL,MM,Mandalay
MDQ,AR,Mar Del Plata
MDU,PG,Mendi
MDZ,AR,Mendoza
MED,SA,Medina
MEH,NO,Mehamn
MEI,US,Meridian
MEL,AU,Melbourne
MEM,US,Memphis
MES,ID,Medan
MEX,MX,Mexico City
MFE,US,Mc Allen
MFM,CN,Macau
MFR,US,Medford
MGA,NI,Managua
MGF,BR,Maringa
MGM,US,Montgomery
MGQ,SO,Mogadishu
MGT,AU,Milingimbi
MGW,US,Morgantown
MHD,IR,Mashad
MHH,BS,Marsh Harbor
MHK,US,Manhattan
MHT,US,Manchester
MHU,AU,Mount Hotham
MIA,US,Miami
MID,MX,Merida
MIG,CN,Mianyang
MIL,IT,Milan
MIN,RU,Mineralnye Vody
MIR,TN,Monastir
MIU,NG,Maiduguri
MJF,NO,Mosjoen
MJM,CD,Mbuji Mayi
MJT,GR,Mytilini
MJV,ES,Murcia
MKC,US,Kansas City
MKE,US,Milwaukee
MKG,US,Muskegon
MKK,US,Hoolehua
MKQ,ID,Merauke
MKR,AU,Meekatharp
MKW,ID,Manokwari
MKY,AU,Mackay
MLA,MT,Malta
MLB,US,Melbourne
MLE,MV,Male
MLF,US,Milford
MLG,ID,Malang
MLH,FR,Mulhouse
MLI,US,Moline
MLL,US,Marshall
MLM,MX,Morelia
MLN,ES,Melilla
MLU,US,Monroe
MLW,LR,Monrovia
MLX,TR,Malatya
MMA,SE,Malmo
MMB,JP,Memanbetsu
MME,GB,Teesside
MMH,US,Mammoth Lakes
MMK,RU,Murmansk
MMX,SE,Malmoe
MMY,JP,Miyako
MNG,AU,Maningrida
MNL,PH,Manila
MOB,US,Mobile
MOC,BR,Montes Claros
MOD,US,Modesto
MOL,US,Molokai
MOT,US,Minot
MOV,AU,Moranbah
MOW,RU,Moscow
MPL,FR,Montpellier
MPM,MZ,Maputo
MPN,FK,Mount Pleasant
MQL,AU,Mildura
MQM,TR,Mardin
MQN,NO,Mo i Rana
MQT,US,Marquette
MQX,ET,Makale
MRA,LY,Misratah
MRD,VE,Merida
MRS,FR,Marseille
MRU,MU,Mauritius
MRV,RU,Mineralnye
MRY,US,Monterey
MRZ,AU,Moree
MSH,IR,Mashhad
MSJ,JP,Misawa
MSL,US,Florence
MSN,US,Madison
MSO,US,Missoula
MSP,US,Minneapolis
MSQ,BY,Minsk
MSR,TR,Mus
MSS,US,Massena
MST,NL,Maastricht
MSY,US,New Orleans
MTJ,US,Montrose CO
MTR,CO,Monteria
MTT,MX,Minatitlan
MTV,VU,Ablow
MTY,MX,Monterrey
MUC,DE,Munich
MUM,IN,Mumbai
MUN,VE,Maturin
MUS,US,Muscle Shoals
MVD,UY,Montevideo
MVY,US,Martha's Vineyard
MWA,US,Marion
MWF,VU,Maewo Island
MWX,KR,Muan
MXH,PG,Moro
MXL,MX,Mexicali
MXP,IT,Milano
MXZ,CN,Meixian
MYD,KE,Malindi
MYE,JP,Miyakejima
MYJ,JP,Matsuyama
MYR,US,Myrtle Beach
MYU,US,Mekoryuk
MYY,MY,Miri
MZG,TW,Makung
MZH,TR,Merzifon
MZL,CO,Manizales
MZR,AF,Mazar-i-sharif
MZT,MX,Mazatlan
MZV,MY,Mulu
NAA,AU,Narrabri
NAD,PG,Nadzab
NAG,IN,Nagpur
NAJ,AZ,Nakhchivan
NAN,FJ,Nadi
NAO,CN,Nanchong
NAP,IT,Naples
NAS,BS,Nassau
NAT,BR,Natal
NAU,FJ,Nausori
NAV,TR,Nevsehir
NBE,TN,Enfidha
NBO,KE,Nairobi
NCE,FR,Nice
NCL,GB,Newcastle
NCY,FR,Annecy
NDG,CN,Qiqihar
NDI,FJ,Nandi
NDJ,TD,N'djamena
NDR,MA,El Aroui
NEU,LA,Neuchatel
NEV,KN,Charlestown
NEW,US,New Bedford
NGB,CN,Ningbo
NGO,JP,Nagoya
NGS,JP,Nagasaki
NHA,VN,Nhatrang
NIC,CY,Nicosia
NIM,NE,Niamey
NIN,CN,Ninbo
NJC,RU,Nizhnevartovsk
NJF,IQ,Najaf
NKC,MR,Nouakchott
NKG,CN,Nanjing
NLA,ZM,Ndola
NLD,MX,Nuevo Laredo
NLK,NF,Norfolk Island
NLP,ZA,Nelspruit
NME,US,Nightmute
NNG,CN,Nanning
NNS,US,Newport News
NNY,CN,Nanyang
NOC,IE,Connaught
NOU,NC,Noumea
NOZ,RU,Novokuznetsk
NPE,NZ,Napier
NPL,NZ,New Plymouth
NQN,AR,Neuquen
NQY,GB,Newquai
NRK,SE,Norrkoping
NRN,DE,Weeze
NSK,RU,Norilsk
NSN,NZ,Nelson
NTE,FR,Nantes
NTG,CN,Nantong
NTL,AU,Newcastle
NTQ,JP,Wajima
NTU,US,Oceana
NUE,DE,Nuremberg
NUL,US,Nulato
NUP,US,Nunapitchuk
NUR,DE,Nuernberg
NUS,VU,Norsup
NUX,RU,Novy Urengoy
NVA,CO,Neiva
NVK,NO,Narvik
NVT,BR,Navegantes
NWI,GB,Norwich
NYC,US,New York
NYM,RU,Nadym
NZH,CN,Manzhouli
OAJ,US,Jacksonville NC
OAK,US,Oakland
OAX,MX,Oaxaca
OBO,JP,Obihiro
ODS,UA,Odessa
OGG,US,Kahului
OGN,JP,Yonaguni Jima
OGS,US,Ogdensburg
OGX,DZ,Ouargla
OGZ,RU,Beslan
OHD,MK,Ohrid
OHE,CN,Mohe County
OIM,JP,Oshima
OIT,JP,Oita
OKA,JP,Okinawa
OKC,US,Oklahoma City
OKE,JP,Kagoshima Prefecture
OKI,JP,Oki Island
OKJ,JP,Okayama
OLB,IT,Olbia
OLP,AU,Olympic Dam
OMA,US,Omaha
OME,US,Nome
OMR,RO,Oradea
OMS,RU,Omsk
ONJ,JP,Odate Noshiro
ONT,US,Ontario
OOK,US,Toksook Bay
OOL,AU,Coolangatta
OOM,AU,Cooma
OPO,PT,Porto
ORA,AW,Oranjestad
ORB,SE,Orebro
ORF,US,Norfolk
ORK,IE,Cork
ORN,DZ,Oran
OSA,JP,Osaka
OSD,SE,Östersund
OSH,US,Oshkosh
OSI,HR,Osijek
OSL,NO,Oslo
OSM,IQ,Mosul
OSR,CZ,Ostrava
OSS,KG,Osh
OST,BE,Ostend
OSY,NO,Namsos
OTH,US,North Bend
OTZ,US,Kotzebue
OUA,BF,Ouagadougou
OUD,MA,Oujda
OUL,FI,Oulu
OVB,RU,Novosibirsk
OVD,ES,Asturias
OWB,US,Owensboro
OXB,GW,Bissau
OXN,US,Oxnard
OXR,US,Oxnard/Ventura
OZH,UA,Zaporozhye
OZZ,MA,Ouarzazate
PAD,DE,Paderborn
PAG,WS,Pago Pago
PAH,US,Paducah
PAP,HT,Port au Prince
PAR,FR,Paris
PAT,IN,Patina
PAZ,MX,Poza Rico
PBC,MX,Puebla
PBI,US,West Palm Beach
PBJ,VU,Paama Island
PBL,VE,Puerto Cabello
PBM,SR,Paramaribo
PBO,AU,Paraburdoo
PCL,PE,Pucallpa
PDG,ID,Padang
PDL,PT,Ponta Delgada
PDP,UY,Punta del Este
PDS,MX,Piedras Negras
PDV,BG,Plovdiv
PDX,US,Portland
PEE,RU,Perm
PEI,CO,Pereira
PEM,PE,Puerto Maldonado
PEN,MY,Penang
PER,AU,Perth
PEW,PK,Peshawar
PFN,US,Panama City
PFO,CY,Paphos
PGA,US,Page
PGF,FR,Perpignan
PGK,ID,Pangkal Pinang
PGM,US,Port Graham
PGV,US,Greenville
PHC,NG,Port Harcourt
PHE,AU,Port Hedland
PHF,US,Hampton / Williamsburg
PHI,BZ,Belize City
PHL,US,Philadelphia
PHN,KH,Phnom-penh
PHW,ZA,Phalaborwa
PHX,US,Phoenix
PIA,US,Peoria
PIB,US,Hattiesburg/Laurel
PIH,US,Pocatello
PIR,US,Pierre
PIT,US,Pittsburgh
PIU,PE,Piura
PIX,PT,Pico
PKA,US,Napaskiak
PKB,US,Parkersburg
PKC,RU,Petropavlovsk
PKU,ID,Pekanbaru
PKY,ID,Palangkaraya
PLA,MU,Plaisance
PLB,SX,Philipsburg
PLM,ID,Palembang
PLN,US,Pellston
PLO,AU,Port Lincoln
PLQ,LT,Palanga
PLS,TC,Providenciales
PLW,ID,Palu
PLX,KZ,Semiplatinsk
PLZ,ZA,Port Elizabeth
PMC,CL,Puerto Montt
PMI,ES,Palma de Mallorca
PMO,IT,Palermo
PMR,NZ,Palmerston North
PMV,VE,Porlamar
PMW,BR,Palmas
PNA,ES,Pamplona
PNE,CG,Pointe-noire
PNH,KH,Phnom Penh
PNI,FM,Pohnpei
PNK,ID,Pontianak
PNL,IT,Pantelleria
PNQ,IN,Pune
PNR,CG,Pointe Noire
PNS,US,Pensacola
PNT,CL,Puerto Natales
PNZ,BR,Petrolina
POA,BR,Porto Alegre
POG,GA,Port Gentil
POI,GD,Point Salines
POM,PG,Port Moresby
POP,DO,Puerto Plata
POR,FI,Pori
POS,TT,Port of Spain
POZ,PL,Poznan
PPB,BR,President Prudente
PPG,AS,Pago Pago
PPN,CO,Popayan
PPP,AU,Prosserpine
PPS,PH,Puerto Princesa
PPT,PF,Papeete
PQC,VN,Phu Quoc
PQI,US,Presque Isle
PQQ,AU,Port Macquarie
PRC,US,Prescott
PRG,CZ,Prague
PRI,SA,Madinah
PRN,RS,Pristina
PSA,IT,Pisa
PSC,US,Pasco
PSD,EG,Port Said
PSE,PR,Ponce
PSG,US,Petersburg
PSO,CO,Pasto
PSP,US,Palm Springs
PSR,IT,Pescara
PSS,AR,Posadas
PTG,ZA,Polokwane
PTH,US,Port Heiden
PTP,GP,Pointe-a-pitre
PTU,US,Platinum
PTY,PA,Panama City
PUB,US,Pueblo
PUF,FR,Pau
PUJ,DO,Punta Cana
PUL,MY,Pulau
PUQ,CL,Punta Arenas
PUS,KR,Pusan
PUW,US,Pullman
PUY,HR,Pula
PVC,US,Provincetown
PVD,US,Providence
PVH,BR,Port Velho
PVK,GR,Preveza
PVO,BR,Porto Velho
PVR,MX,Puerto Vallarta
PWM,US,Portland
PWQ,KZ,Pavlodar
PXM,MX,Puerto Escondido
PXO,PT,Porto Santo
PXU,VN,Pleiku
PYH,VE,Puerto Ayachucho
PYM,US,Plymouth
PZB,ZA,Pietermaritzburg
PZO,VE,Puerto Ordaz
QOW,NG,Imo
QRO,MX,Queretaro
QRW,NG,Osubi
QSF,DZ,Setif
QSR,IT,Salerno
RAB,PG,Rabaul
RAE,SA,Arar
RAH,SA,Rafha
RAI,CV,"Praia, Santiago Island"
RAJ,IN,Rajkot
RAK,MA,Marrakech
RAL,US,Raleigh-durham
RAO,BR,Ribeirao Preto
RAP,US,Rapid City
RAR,CK,Rarotonga
RBA,MA,Rabat
RBR,BR,Rio Branco
RBY,US,Ruby
RCB,ZA,Richard's Bay
RCH,CO,Rio Hacha
RDD,US,Redding
RDM,US,Redmond-Bend
RDU,US,Raleigh/Durham
RDV,US,Red Devil
RDZ,FR,Rodez
REC,BR,Recife
REG,IT,Reggio Calabria
REK,IS,Reykjavik
REL,AR,Trelew
REP,KH,Siem-reap
RES,AR,Resistencia
REX,MX,Reynosa
RFD,US,Rockford
RGL,AR,Rio Gallegos
RGN,MM,Rangoon/Yangon
RGS,ES,Burgos
RHI,US,Rhinelander
RHO,GR,Rhodos
RIC,US,Richmond
RIJ,PE,Rioja
RIO,BR,Rio de Janeiro
RIS,JP,Rishiri Island
RIW,US,Riverton WY
RIX,LV,Riga
RJA,IN,Rajahmundry
RJK,HR,Rijeka
RKD,US,Rockland
RKS,US,Rock Springs
RLG,DE,Laage
RMA,AU,Roma
RMF,EG,Marsa Alam
RMI,IT,Rimini
RNB,SE,Ronneby
RNE,CO,Rio Negro
RNJ,JP,Yoron
RNN,DK,Ronne
RNO,US,Reno
RNS,FR,Rennes
ROA,US,Roanoke
ROB,KN,Basse Terre
ROC,US,Rochester
ROK,AU,Rockhampton
ROL,US,Roosevelt
ROM,IT,Rome
RON,IT,Ronchi De Legionari
ROP,MP,Rota
ROR,PW,Koror
ROS,AR,Rosario
ROT,NZ,Rotorua
ROV,RU,Rostov
ROW,US,Roswell
RPR,IN,Raipur
RRG,MU,Rodriguez Island
RRS,NO,Roros
RSH,US,Russian Mission
RST,US,Rochester
RSU,KR,Yeosu
RTB,HN,Roatan
RTM,NL,Rotterdam
RUH,SA,Riyadh
RUN,RE,St. Denis de La Reunion
RUT,US,Rutland
RVK,NO,Rørvik
RVN,FI,Rovaniemi
RVT,AU,Ravensthorpe
RWI,US,Rocky Mount/Wilson
RXS,PH,Roxas City
RZE,PL,Rzeszow
SAF,US,Santa Fe
SAG,US,Saginaw
SAH,YE,Sanaa
SAI,US,Saint George
SAL,SV,San Salvador
SAN,US,San Diego
SAO,BR,Sao Paulo
SAP,HN,San Pedro Sula
SAR,US,Sarasota
SAT,US,San Antonio
SAU,CA,Sault Sainte Marie
SAV,US,Savannah
SBA,US,Santa Barbara
SBH,GP,Gustavia
SBN,US,South Bend
SBP,US,San Luis Obispo
SBS,US,Steamboat Spring
SBW,MY,Sibu
SBY,US,Salisbury
SBZ,RO,Sibiu
SCA,TT,Scarborough
SCC,US,Prudhoe Bay / Deadhorse
SCE,US,State College Pennsylvania
SCK,US,Stockton
SCL,CL,Santiago
SCM,US,Scammon Bay
SCN,DE,Saarbruecken
SCQ,ES,Santiago de Compostela
SCU,CU,Santiago De Cuba
SCV,RO,Suceava
SDE,AR,Santiago Del Estero
SDF,US,Louisville
SDJ,JP,Sendai
SDK,MY,Sandakan
SDL,SE,Sundsvall
SDN,NO,Sandane
SDP,US,Sand Point
SDQ,DO,Santo Domingo
SDR,ES,Santander
SDX,US,Sedona
SEA,US,Seattle
SEL,KR,Seoul
SEV,ES,Sevilla
SEY,SC,Mahe
SEZ,SC,Mahe Island
SFA,TN,Sfax
SFB,US,Sanford
SFG,GP,St. Martin
SFJ,GL,Sondre Stromfjord
SFN,AR,Santa Fe
SFO,US,San Francisco
SFT,SE,Skelleftea
SGC,RU,Surgut
SGD,DK,Sonderborg
SGF,US,Springfield
SGN,VN,Ho Chi Minh City
SGU,US,St. George
SHA,CN,Shanghai
SHB,JP,Nakashibetsu
SHC,ET,Shire Indasilase
SHD,US,Weyers Cave
SHE,CN,Shenyang
SHJ,AE,Sharjah
SHM,JP,Nanki-shirahama
SHP,CN,Qinhuangdao
SHR,US,Sheridan
SHV,US,Shreveport
SHW,SA,Sharurah
SHX,US,Shageluk
SIA,CN,Xian
SIC,TR,Sinop
SID,CV,Sal
SIN,SG,Singapore
SIP,UA,Simferopol
SIT,US,Sitka
SJC,US,San Jose
SJD,MX,San Jose Del Cabo
SJJ,BA,Sarajevo
SJO,CR,San Jose
SJP,BR,Sao Jose Do Rio Preto
SJT,US,San Angelo
SJU,PR,San Juan
SJW,CN,Shijiazhuang
SKB,KN,St. Kitts
SKE,NO,Skien
SKG,GR,Thessaloniki
SKN,NO,Stokmarknes
SKO,NG,Sokoto
SKP,MK,Skopje
SKT,PK,Sialkot
SLA,AR,Salta
SLC,US,Salt Lake City
SLH,VU,Sola
SLK,US,Saranac Lake
SLL,OM,Salalah
SLM,ES,Salamanca
SLP,MX,San Luis Potosi
SLQ,US,Sleetmute
SLU,LC,St. Lucia
SLV,IN,Shimla
SLW,MX,Saltillo
SLZ,BR,Sao Luis
SMF,US,Sacramento
SMI,GR,Samos
SMR,CO,Santa Marta
SMX,US,Santa Maria
SNA,US,Laguna Beach / Sant Ana
SNN,IE,Shannon
SNU,CU,Santa Clara
SOC,ID,Solo City
SOF,BG,Sofia
SOG,NO,Sogndal
SOJ,NO,Sorkjosen
SOM,VE,San Tome
SON,VU,Santo
SOQ,ID,Sorong
SOT,ST,Sao Tome
SOV,US,Seldovia
SOW,US,Show Low
SPC,ES,Santa Cruz De La Palma
SPE,MY,Sepulot
SPI,US,Springfield
SPK,JP,Sapporo
SPN,MP,Saipan
SPS,US,Wichita Falls
SPU,HR,Split
SRG,ID,Semarang
SRQ,US,Sarasota/ Bradenton
SRV,US,Stony River
SRZ,BO,Santa Cruz
SSA,BR,Salvador
SSB,VI,Christiansted
SSG,GQ,Malabo
SSH,EG,Sharm El Sheikh
SSJ,NO,Sandnessjoen
SSR,VU,Pentecost Island
SSX,TR,Samsun
STD,VE,Santo Domingo
STG,US,St. George Island
STI,DO,Santiago
STJ,CA,St. John's
STL,US,St. Louis
STM,BR,Santarem
STO,SE,Stockholm
STR,DE,Stuttgart
STS,US,Santa Rosa
STT,VI,St. Thomas
STV,IN,Surat
STW,RU,Stavropol
STX,VI,St. Croix Island
SUB,ID,Surabaya
SUF,IT,Lamezia
SUI,GE,Sukhumi
SUJ,RO,Satu Mare
SUN,US,Hailey
SUV,FJ,Suva
SUX,US,Sioux City
SVC,US,Silver City
SVD,VC,St. Vincent
SVG,NO,Stavanger
SVQ,ES,Seville
SVS,US,Stevens Village
SVX,RU,"Sverdlovsk, Ekaterinburg"
SVZ,VE,San Antonio
SWA,CN,Shantou/Swatow
SWD,US,Seward
SWF,US,Newburgh
SWJ,VU,Malekula Island
SXB,FR,Strasbourg
SXF,DE,"Berlin, Schonefeld"
SXM,SX,St. Maarten
SXR,IN,Srinagar
SXZ,TR,Siirt
SYA,US,Shemya Islands
SYD,AU,Sydney
SYM,CN,Simao
SYO,JP,Shonai
SYR,US,Syracuse
SYX,CN,Sanya
SYZ,IR,Shiraz
SZG,AT,Salzburg
SZX,CN,Shenzhen
SZZ,PL,Szczecin
TAB,TT,Tobago
TAC,PH,Tacloban
TAE,KR,"Taegu, Korea"
TAG,PH,Tagbilaran
TAH,VU,Tanna
TAK,JP,Takamatsu
TAL,US,Tanana
TAM,MX,Tampico
TAN,MA,Tanger
TAO,CN,Qingdao
TAP,MX,Tapachula
TAR,FR,Tarbes
TAS,UZ,Tashkent
TAT,SK,Poprad
TAY,EE,Tartu
TBB,VN,Tuy Hoa
TBG,PG,Tabubil
TBN,US,Fort Leonardwood
TBP,PE,Tumbes
TBS,GE,Tbilisi
TBU,TO,Tongatapu
TBZ,IR,Tabriz
TCB,BS,Treasure Cay
TCI,ES,Tenerife
TCL,US,Tuscaloosa
TCO,CO,Tumaco
TCQ,PE,Tacna
TCR,IN,Thoothukudi
TCZ,CN,Tengchong
TDX,TH,Trat
TEE,DZ,Tebessa
TEH,IR,Teheran
TEL,IL,Tel-aviv
TEN,CN,Tongren
TEQ,TR,Çorlu
TER,PT,Terceira
TEX,US,Telluride
TGD,RS,Podgorica
TGG,MY,Kuala Terengganu
TGH,VU,Tongoa Island
TGI,PE,Tingo Maria
TGM,RO,Tirgu Mures
TGO,CN,Tongliao
TGR,DZ,Touggourt
TGU,HN,Tegucigalpa
TGZ,MX,Tuxtla Gutierrez
THE,BR,Teresina
THG,AU,Biloela
THR,IR,Tehran
THS,TH,Sukhothai
TIA,AL,Tirana
TID,DZ,Tiaret
TIF,SA,Taif
TIJ,MX,Tijuana
TIM,ID,Timika
TIN,DZ,Tindouf
TIP,LY,Tripoli
TIR,IN,Tirupeti
TIV,ME,Tivat
TIZ,PG,Tari
TJH,JP,Toyooka
TJK,TR,Tokat
TJM,RU,Tyumen
TJQ,ID,Tanjung Pandan
TJU,TJ,Kulyab
TKG,ID,Bandar Lampung-Sumatra Island
TKK,FM,Chuuk
TKN,JP,Tokunoshima
TKS,JP,Tokushima
TKU,FI,Turku
TLC,MX,Toluca
TLH,US,Tallahassee
TLL,EE,Tallinn
TLM,DZ,Tlemcen
TLN,FR,Toulon/Hyeres
TLS,FR,Toulouse
TLT,US,Tuluksak
TLV,IL,"Tel Aviv Yafo, Tel Aviv"
TMC,ID,Waikabubak-Sumba Island
TMP,FI,Tampere
TMR,DZ,Tamanrasset
TMS,ST,Sao Tome Island
TMT,BR,Trombetas
TMW,AU,Tamworth
TMX,DZ,Timimoun
TNA,CN,Jinan
TNE,JP,Tanegashima
TNG,MA,Tangier
TNJ,ID,Tanjung Pinang
TNK,US,Tununak
TNR,MG,Antananarivo
TOE,TN,Tozeur
TOF,RU,Tomsk
TOH,VU,Loh/Linua
TOK,PG,Tokua
TOL,US,Toledo
TOP,US,Topeka
TOR,VG,Tortola
TOS,NO,Tromso
TOU,HT,Port-au-prince
TOY,JP,Toyama
TPA,US,Tampa
TPE,TW,Taipei
TPP,PE,Tarapoto
TPQ,MX,Tepic
TPS,IT,Trapani
TRC,MX,Torreon
TRD,NO,Trondheim
TRF,NO,Sandefjord
TRG,NZ,Tauranga
TRI,US,Bristol
TRK,ID,Taraken
TRN,IT,Turin
TRR,LK,Trinciomalee
TRS,IT,Trieste
TRU,PE,Trujillo
TRV,IN,Trivandrum
TRW,KI,Tarawa
TRZ,IN,Tiruchirappalli
TSE,KZ,Tselinograd
TSJ,JP,Tsushima
TSN,CN,Tianjin
TSR,RO,Timisoara
TSV,AU,Townsville
TTE,ID,Ternate
TTJ,JP,Tottori
TTN,US,Trenton
TTU,MA,Tetouan
TUC,AR,Tucuman
TUI,SA,Turaif
TUL,US,Tulsa
TUN,TN,Tunis
TUO,NZ,Taupo
TUP,US,Tupelo
TUR,IT,Torino
TUS,US,Tucson
TUU,SA,Tabuk
TVC,US,Traverse City
TVF,US,Thief River Falls
TWF,US,Twin Falls
TWU,MY,Tawau
TXG,TW,Taichung
TXK,US,Texarkana
TXN,CN,Huangshan
TYL,PE,Talara
TYN,CN,Taiyuan
TYO,JP,Tokyo
TYR,US,Tyler
TYS,US,Knoxville
TZX,TR,Trabzon
UAQ,AR,San Julian
UBJ,JP,Ube
UBP,TH,Ubon Ratchathani
UBS,US,Columbus
UDI,BR,Uberlandia
UDR,IN,Udaipur
UEO,JP,Kumejima
UET,PK,Quetta
UFA,RU,Ufa
UGC,UZ,Urgench
UIH,VN,Phucat
UIN,US,Quincy
UIO,EC,Quito
UIP,FR,Quimper
UKB,JP,Kobe
UKI,US,Ukiah
UKK,KZ,Ust Kamenogorsk
ULB,VU,Ambryn Island
ULH,SA,Al-Ula
ULN,MN,Ulan Bator
UME,SE,Umea
UNA,US,Unalaska
UNG,PG,Kiunga
UNK,US,Unalakleet
UNX,BR,Una
UPG,ID,Ujung Pandang
URC,CN,Urumqi
URE,EE,Kuressaare
URO,FR,Rouen
URT,TH,Surat Thani
URY,SA,Guriat
USH,AR,Ushuaia
USM,TH,Ko Samui
USN,KR,Ulsan
USQ,TR,Usak
UTH,TH,Udon Thani
UTN,ZA,Upington
UTP,TH,Pattaya
UTT,ZA,Umtata
UUD,RU,Ulan-ude
UUS,RU,Yuzhno-Sakhalinsk
UVF,LC,Hewandorra
UYN,CN,Yulin
VAA,FI,Vaasa
VAI,PG,Vanimo
VAK,US,Chevak
VAL,US,Valparaiso
VAN,TR,Van
VAR,BG,Varna
VAS,TR,Sivas
VAW,NO,Vardø
VBS,IT,Brescia
VBY,SE,Visby
VCA,VN,Can Tho
VCE,IT,Venice
VCL,VN,Chu Lai
VCP,BR,Campinas
VDB,NO,Fagernes
VDH,VN,Dong Hoi
VDM,AR,Viedma
VDS,NO,Vadso
VEE,US,Venetie
VEL,US,Vernal
VER,MX,Veracruz
VFA,ZW,Victoria Falls
VGA,IN,Vijayawada
VGO,ES,Vigo
VIE,AT,Vienna
VII,VN,Vinh
VIJ,VG,Spanish Town
VIL,MA,Dakhla
VIN,US,Vineyard Haven MA
VIS,US,Visalia
VIT,ES,Vitoria
VIX,BR,Vitoria
VKG,VN,Rach Gia
VLC,ES,Valencia
VLD,US,Valdosta
VLF,IT,Villafranca
VLI,VU,Port Vila
VLL,ES,Valladolid
VLN,VE,Valencia
VLS,VU,Valesdir
VLV,VE,Valera
VNO,LT,Vilnius
VNS,IN,Varanasi
VOG,RU,Volgograd
VOL,GR,Nea Anghialos
VPS,US,Eglin Afb/Valparaiso
VQS,PR,Vieques
VRA,CU,Varadero
VRN,IT,Verona
VSA,MX,Villahermosa
VST,SE,Vasteras
VTE,LA,Vientiane
VTZ,IN,Vishakhapatnam
VUP,CO,Valledupar
VVO,RU,Vladivostok
VVZ,DZ,Illizi
VXE,CV,Sao Vicente Island
VXO,SE,Vaxjo
WAG,NZ,Wanganui
WAI,CN,Shantou
WAS,US,Washington
WAT,US,Watertown
WAW,PL,Warsaw
WBM,PG,Wapenamanda
WBQ,US,Beaver
WBU,US,Boulder
WDH,NA,Windhoek
WEF,CN,Weifang
WEH,CN,Weihai
WEI,AU,Weipa
WGA,AU,Wagga Wagga
WHI,US,White Plains
WHK,NZ,Whakatane
WIL,CW,Willemstad
WIN,US,Windsor Locks
WJU,KR,Wonju
WKJ,JP,Wakkanai
WLG,NZ,Wellington
WLH,VU,Walaha
WNA,US,Napakiak
WNH,CN,Wenshan
WNZ,CN,Wenzhou
WRE,NZ,Whangarei
WRG,US,Wrangell
WRL,US,Worland
WRO,PL,Wroclaw
WTL,US,Tuntutulia
WUA,CN,Wuhai
WUH,CN,Wuhan
WUS,CN,Wuyishan
WUX,CN,Wuxi
WVB,NA,Walvis Bay
WWK,PG,Wewak
WWT,US,Newtok
WXN,CN,Wanxian
WYS,US,West Yellowstone
XAP,BR,Chapeco
XCH,AU,Christmas Island
XFN,CN,Xiangfan
XIC,CN,Xichang
XIL,CN,Xilinhot
XIY,CN,Xi'an
XMN,CN,Xiamen
XNA,US,Bentonville
XNN,CN,Xining
XRY,ES,Jerez
XUZ,CN,Xuzhou
YAK,US,Yakutat
YAL,CA,Albert Bay
YAM,CA,Sault Ste. Marie
YAN,MM,Yangon
YAO,CM,Yaounde
YAP,FM,Yap Caroline Island
YBC,CA,Baie Comeau
YBG,CA,Bagotville
YBP,CN,Yibin
YCB,CA,Cambridge Bay
YCD,CA,Nanaimo
YCG,CA,Castlegar
YCU,CN,Yuncheng
YDF,CA,Deer Lake
YEA,CA,Edmonton
YEK,RU,Yekaterinburg
YER,AM,Yerevan
YEV,CA,Inuvik
YFB,CA,Iqaluit
YFC,CA,Fredericton
YFS,CA,Ft Simpson
YGJ,JP,Miho
YGK,CA,Kingston
YGL,CA,La Grande
YGP,CA,Gaspe
YGR,CA,Iles De La Madeleine
YGW,CA,Kuujjuarap
YHM,CA,Hamilton
YHY,CA,Hay River
YHZ,CA,Halifax
YIH,CN,Yichang
YIN,CN,Yinchuan
YIW,CN,Yiwu
YJT,CA,Stephenville
YKA,CA,Kamloops
YKF,CA,Waterloo
YKM,US,Yakima
YKS,RU,Yakutsk
YLW,CA,Kelowna
YMM,CA,Fort Mcmurray
YMQ,CA,Montreal
YMS,PE,Yurimaguas
YNB,SA,Yenbo
YNC,CN,Yining
YNJ,CN,Yanji
YNT,CN,Yantai
YNZ,CN,Yancheng
YOL,NG,Yola
YOW,CA,Ottawa
YPR,CA,Prince Rupert
YQB,CA,Quebec
YQG,CA,Windsor
YQH,CA,Watson Lake
YQL,CA,Lethbridge
YQM,CA,Moncton
YQR,CA,Regina
YQT,CA,Thunder Bay
YQU,CA,Grande Prairie
YQX,CA,Gander
YQY,CA,Sydney
YRB,CA,Resolute
YSB,CA,Sudbury
YSJ,CA,St. John
YSM,CA,Fort Smith
YSR,CA,Nanisivik
YTM,CA,Mont-Tremblant
YTO,CA,Toronto
YTS,CA,Timmins
YUM,US,Yuma
YUS,CN,Yushu
YUX,CA,Hall Beach
YUY,CA,Rouyn
YVA,KM,Moroni
YVO,CA,Bourlamaq/Val D'or
YVP,CA,Fort Chima
YVQ,CA,Norman Wells
YVR,CA,Vancouver
YWG,CA,Winnipeg
YWK,CA,Wabush
YXC,CA,Cranbrook
YXE,CA,Saskatoon
YXH,CA,Medicine Hat
YXJ,CA,Fort St John
YXS,CA,Prince George
YXT,CA,Terrace
YXU,CA,London
YXY,CA,Whitehorse
YYB,CA,North Bay
YYC,CA,Calgary
YYD,CA,Smithers
YYE,CA,Fort Nelson
YYF,CA,Penticton
YYG,CA,Charlottetown
YYJ,CA,Victoria
YYR,CA,Goose Bay
YYT,CA,St. Johns
YYY,CA,Mont Joli
YYZ,CA,Toronto
YZF,CA,Yellowknife
YZP,CA,Sandspit
YZR,CA,Sarnia
YZV,CA,Sept-iles
ZAD,HR,Zadar
ZAG,HR,Zagreb
ZAH,IR,Zahedan
ZAL,CL,Valdivia
ZAM,PH,Zamboanga
ZAN,SR,Zandery
ZAT,CN,Zhaotong
ZAZ,ES,Zaragoza
ZBF,CA,Bathurst
ZCL,MX,Zacatecas
ZCO,CL,Temuco
ZGU,VU,Gaua Island
ZHA,CN,Zhanjiang
ZHY,CN,Zhongwei
ZIH,MX,Zihuatanejo
ZLO,MX,Manzanillo
ZNE,AU,Newman
ZNZ,TZ,Zanzibar
ZOS,CL,Osorno
ZPC,CL,Pucon
ZQN,NZ,Queenstown International
ZQW,DE,Zweibruecken
ZRH,CH,Zurich
ZSE,RE,St.-pierre
ZTH,GR,Zakynthos
ZUH,CN,Zhuhai
